date,total_incidents
2014-01-01,138
2014-01-02,110
2014-01-03,72
2014-01-04,118
2014-01-05,104
2014-01-06,117
2014-01-07,86
2014-01-08,116
2014-01-09,131
2014-01-10,141
2014-01-11,110
2014-01-12,104
2014-01-13,127
2014-01-14,138
2014-01-15,135
2014-01-16,139
2014-01-17,139
2014-01-18,101
2014-01-19,107
2014-01-20,128
2014-01-21,78
2014-01-22,104
2014-01-23,108
2014-01-24,116
2014-01-25,112
2014-01-26,103
2014-01-27,127
2014-01-28,95
2014-01-29,102
2014-01-30,142
2014-01-31,130
2014-02-01,121
2014-02-02,112
2014-02-03,107
2014-02-04,113
2014-02-05,100
2014-02-06,97
2014-02-07,122
2014-02-08,110
2014-02-09,78
2014-02-10,103
2014-02-11,103
2014-02-12,101
2014-02-13,46
2014-02-14,76
2014-02-15,102
2014-02-16,81
2014-02-17,91
2014-02-18,91
2014-02-19,95
2014-02-20,114
2014-02-21,138
2014-02-22,109
2014-02-23,85
2014-02-24,102
2014-02-25,117
2014-02-26,102
2014-02-27,103
2014-02-28,124
2014-03-01,124
2014-03-02,84
2014-03-03,56
2014-03-04,97
2014-03-05,103
2014-03-06,108
2014-03-07,110
2014-03-08,107
2014-03-09,88
2014-03-10,128
2014-03-11,111
2014-03-12,94
2014-03-13,102
2014-03-14,154
2014-03-15,152
2014-03-16,88
2014-03-17,82
2014-03-18,107
2014-03-19,94
2014-03-20,99
2014-03-21,106
2014-03-22,119
2014-03-23,108
2014-03-24,131
2014-03-25,121
2014-03-26,99
2014-03-27,141
2014-03-28,122
2014-03-29,91
2014-03-30,92
2014-03-31,141
2014-04-01,124
2014-04-02,117
2014-04-03,118
2014-04-04,138
2014-04-05,116
2014-04-06,98
2014-04-07,112
2014-04-08,119
2014-04-09,129
2014-04-10,114
2014-04-11,114
2014-04-12,120
2014-04-13,131
2014-04-14,142
2014-04-15,109
2014-04-16,115
2014-04-17,128
2014-04-18,120
2014-04-19,119
2014-04-20,118
2014-04-21,119
2014-04-22,122
2014-04-23,139
2014-04-24,124
2014-04-25,137
2014-04-26,134
2014-04-27,143
2014-04-28,144
2014-04-29,117
2014-04-30,110
2014-05-01,132
2014-05-02,127
2014-05-03,111
2014-05-04,122
2014-05-05,132
2014-05-06,137
2014-05-07,133
2014-05-08,131
2014-05-09,146
2014-05-10,114
2014-05-11,123
2014-05-12,131
2014-05-13,129
2014-05-14,138
2014-05-15,149
2014-05-16,146
2014-05-17,166
2014-05-18,118
2014-05-19,135
2014-05-20,151
2014-05-21,131
2014-05-22,160
2014-05-23,144
2014-05-24,124
2014-05-25,128
2014-05-26,122
2014-05-27,142
2014-05-28,128
2014-05-29,114
2014-05-30,125
2014-05-31,125
2014-06-01,117
2014-06-02,147
2014-06-03,120
2014-06-04,142
2014-06-05,121
2014-06-06,133
2014-06-07,119
2014-06-08,136
2014-06-09,148
2014-06-10,112
2014-06-11,125
2014-06-12,128
2014-06-13,116
2014-06-14,146
2014-06-15,149
2014-06-16,149
2014-06-17,123
2014-06-18,127
2014-06-19,134
2014-06-20,151
2014-06-21,130
2014-06-22,102
2014-06-23,140
2014-06-24,161
2014-06-25,127
2014-06-26,127
2014-06-27,143
2014-06-28,159
2014-06-29,121
2014-06-30,116
2014-07-01,152
2014-07-02,118
2014-07-03,120
2014-07-04,111
2014-07-05,126
2014-07-06,140
2014-07-07,136
2014-07-08,122
2014-07-09,142
2014-07-10,135
2014-07-11,137
2014-07-12,130
2014-07-13,128
2014-07-14,138
2014-07-15,132
2014-07-16,141
2014-07-17,129
2014-07-18,130
2014-07-19,127
2014-07-20,153
2014-07-21,145
2014-07-22,132
2014-07-23,131
2014-07-24,145
2014-07-25,153
2014-07-26,136
2014-07-27,151
2014-07-28,101
2014-07-29,138
2014-07-30,136
2014-07-31,131
2014-08-01,181
2014-08-02,111
2014-08-03,130
2014-08-04,126
2014-08-05,115
2014-08-06,143
2014-08-07,133
2014-08-08,148
2014-08-09,104
2014-08-10,157
2014-08-11,166
2014-08-12,87
2014-08-13,123
2014-08-14,145
2014-08-15,162
2014-08-16,110
2014-08-17,116
2014-08-18,142
2014-08-19,139
2014-08-20,136
2014-08-21,110
2014-08-22,124
2014-08-23,131
2014-08-24,103
2014-08-25,154
2014-08-26,131
2014-08-27,134
2014-08-28,119
2014-08-29,148
2014-08-30,112
2014-08-31,132
2014-09-01,171
2014-09-02,150
2014-09-03,115
2014-09-04,140
2014-09-05,145
2014-09-06,142
2014-09-07,127
2014-09-08,120
2014-09-09,120
2014-09-10,141
2014-09-11,133
2014-09-12,146
2014-09-13,105
2014-09-14,115
2014-09-15,121
2014-09-16,122
2014-09-17,128
2014-09-18,162
2014-09-19,120
2014-09-20,136
2014-09-21,140
2014-09-22,154
2014-09-23,145
2014-09-24,120
2014-09-25,122
2014-09-26,137
2014-09-27,139
2014-09-28,128
2014-09-29,162
2014-09-30,132
2014-10-01,122
2014-10-02,114
2014-10-03,151
2014-10-04,144
2014-10-05,120
2014-10-06,107
2014-10-07,135
2014-10-08,119
2014-10-09,128
2014-10-10,145
2014-10-11,114
2014-10-12,145
2014-10-13,139
2014-10-14,140
2014-10-15,126
2014-10-16,137
2014-10-17,138
2014-10-18,134
2014-10-19,110
2014-10-20,136
2014-10-21,123
2014-10-22,156
2014-10-23,140
2014-10-24,150
2014-10-25,137
2014-10-26,134
2014-10-27,134
2014-10-28,143
2014-10-29,150
2014-10-30,150
2014-10-31,151
2014-11-01,126
2014-11-02,117
2014-11-03,117
2014-11-04,102
2014-11-05,133
2014-11-06,122
2014-11-07,141
2014-11-08,109
2014-11-09,126
2014-11-10,124
2014-11-11,138
2014-11-12,129
2014-11-13,118
2014-11-14,126
2014-11-15,120
2014-11-16,92
2014-11-17,109
2014-11-18,140
2014-11-19,117
2014-11-20,110
2014-11-21,135
2014-11-22,140
2014-11-23,123
2014-11-24,158
2014-11-25,114
2014-11-26,130
2014-11-27,87
2014-11-28,126
2014-11-29,117
2014-11-30,115
2014-12-01,172
2014-12-02,109
2014-12-03,125
2014-12-04,118
2014-12-05,132
2014-12-06,100
2014-12-07,100
2014-12-08,139
2014-12-09,110
2014-12-10,114
2014-12-11,117
2014-12-12,144
2014-12-13,115
2014-12-14,125
2014-12-15,122
2014-12-16,132
2014-12-17,123
2014-12-18,119
2014-12-19,128
2014-12-20,129
2014-12-21,100
2014-12-22,155
2014-12-23,118
2014-12-24,121
2014-12-25,83
2014-12-26,76
2014-12-27,107
2014-12-28,117
2014-12-29,98
2014-12-30,111
2014-12-31,109
2015-01-01,160
2015-01-02,108
2015-01-03,74
2015-01-04,96
2015-01-05,122
2015-01-06,87
2015-01-07,108
2015-01-08,84
2015-01-09,103
2015-01-10,84
2015-01-11,92
2015-01-12,126
2015-01-13,135
2015-01-14,127
2015-01-15,142
2015-01-16,130
2015-01-17,128
2015-01-18,111
2015-01-19,141
2015-01-20,121
2015-01-21,123
2015-01-22,115
2015-01-23,140
2015-01-24,123
2015-01-25,88
2015-01-26,113
2015-01-27,132
2015-01-28,121
2015-01-29,116
2015-01-30,123
2015-01-31,100
2015-02-01,106
2015-02-02,124
2015-02-03,105
2015-02-04,97
2015-02-05,107
2015-02-06,105
2015-02-07,97
2015-02-08,63
2015-02-09,110
2015-02-10,101
2015-02-11,103
2015-02-12,97
2015-02-13,124
2015-02-14,82
2015-02-15,75
2015-02-16,66
2015-02-17,73
2015-02-18,90
2015-02-19,76
2015-02-20,93
2015-02-21,65
2015-02-22,76
2015-02-23,79
2015-02-24,82
2015-02-25,116
2015-02-26,92
2015-02-27,101
2015-02-28,103
2015-03-01,77
2015-03-02,78
2015-03-03,101
2015-03-04,101
2015-03-05,54
2015-03-06,92
2015-03-07,83
2015-03-08,104
2015-03-09,94
2015-03-10,115
2015-03-11,123
2015-03-12,137
2015-03-13,128
2015-03-14,115
2015-03-15,99
2015-03-16,121
2015-03-17,144
2015-03-18,112
2015-03-19,111
2015-03-20,121
2015-03-21,116
2015-03-22,100
2015-03-23,123
2015-03-24,109
2015-03-25,118
2015-03-26,114
2015-03-27,143
2015-03-28,119
2015-03-29,95
2015-03-30,115
2015-03-31,106
2015-04-01,118
2015-04-02,132
2015-04-03,128
2015-04-04,109
2015-04-05,89
2015-04-06,122
2015-04-07,101
2015-04-08,101
2015-04-09,105
2015-04-10,93
2015-04-11,113
2015-04-12,100
2015-04-13,105
2015-04-14,109
2015-04-15,133
2015-04-16,139
2015-04-17,123
2015-04-18,128
2015-04-19,118
2015-04-20,124
2015-04-21,127
2015-04-22,108
2015-04-23,136
2015-04-24,134
2015-04-25,168
2015-04-26,97
2015-04-27,421
2015-04-28,184
2015-04-29,104
2015-04-30,118
2015-05-01,127
2015-05-02,92
2015-05-03,96
2015-05-04,121
2015-05-05,158
2015-05-06,135
2015-05-07,145
2015-05-08,125
2015-05-09,124
2015-05-10,149
2015-05-11,153
2015-05-12,147
2015-05-13,122
2015-05-14,131
2015-05-15,172
2015-05-16,137
2015-05-17,105
2015-05-18,132
2015-05-19,156
2015-05-20,173
2015-05-21,147
2015-05-22,163
2015-05-23,137
2015-05-24,124
2015-05-25,143
2015-05-26,178
2015-05-27,164
2015-05-28,173
2015-05-29,178
2015-05-30,158
2015-05-31,134
2015-06-01,148
2015-06-02,174
2015-06-03,125
2015-06-04,133
2015-06-05,124
2015-06-06,180
2015-06-07,168
2015-06-08,164
2015-06-09,163
2015-06-10,137
2015-06-11,174
2015-06-12,169
2015-06-13,151
2015-06-14,135
2015-06-15,152
2015-06-16,132
2015-06-17,163
2015-06-18,125
2015-06-19,158
2015-06-20,139
2015-06-21,151
2015-06-22,177
2015-06-23,151
2015-06-24,136
2015-06-25,151
2015-06-26,145
2015-06-27,129
2015-06-28,155
2015-06-29,179
2015-06-30,124
2015-07-01,141
2015-07-02,168
2015-07-03,150
2015-07-04,142
2015-07-05,139
2015-07-06,136
2015-07-07,169
2015-07-08,152
2015-07-09,155
2015-07-10,145
2015-07-11,147
2015-07-12,160
2015-07-13,166
2015-07-14,165
2015-07-15,154
2015-07-16,144
2015-07-17,131
2015-07-18,148
2015-07-19,148
2015-07-20,165
2015-07-21,140
2015-07-22,144
2015-07-23,154
2015-07-24,154
2015-07-25,164
2015-07-26,178
2015-07-27,168
2015-07-28,154
2015-07-29,135
2015-07-30,133
2015-07-31,143
2015-08-01,162
2015-08-02,164
2015-08-03,145
2015-08-04,143
2015-08-05,130
2015-08-06,141
2015-08-07,158
2015-08-08,160
2015-08-09,150
2015-08-10,155
2015-08-11,125
2015-08-12,119
2015-08-13,141
2015-08-14,152
2015-08-15,144
2015-08-16,123
2015-08-17,143
2015-08-18,149
2015-08-19,145
2015-08-20,142
2015-08-21,151
2015-08-22,166
2015-08-23,157
2015-08-24,153
2015-08-25,163
2015-08-26,152
2015-08-27,154
2015-08-28,136
2015-08-29,140
2015-08-30,136
2015-08-31,158
2015-09-01,154
2015-09-02,131
2015-09-03,121
2015-09-04,139
2015-09-05,147
2015-09-06,139
2015-09-07,164
2015-09-08,133
2015-09-09,140
2015-09-10,149
2015-09-11,162
2015-09-12,136
2015-09-13,147
2015-09-14,137
2015-09-15,153
2015-09-16,144
2015-09-17,162
2015-09-18,151
2015-09-19,130
2015-09-20,160
2015-09-21,145
2015-09-22,164
2015-09-23,159
2015-09-24,131
2015-09-25,143
2015-09-26,132
2015-09-27,138
2015-09-28,146
2015-09-29,134
2015-09-30,142
2015-10-01,135
2015-10-02,138
2015-10-03,96
2015-10-04,107
2015-10-05,157
2015-10-06,139
2015-10-07,142
2015-10-08,123
2015-10-09,155
2015-10-10,137
2015-10-11,129
2015-10-12,119
2015-10-13,139
2015-10-14,142
2015-10-15,134
2015-10-16,128
2015-10-17,127
2015-10-18,123
2015-10-19,109
2015-10-20,156
2015-10-21,149
2015-10-22,144
2015-10-23,156
2015-10-24,128
2015-10-25,138
2015-10-26,137
2015-10-27,147
2015-10-28,141
2015-10-29,134
2015-10-30,165
2015-10-31,125
2015-11-01,146
2015-11-02,152
2015-11-03,142
2015-11-04,128
2015-11-05,154
2015-11-06,173
2015-11-07,119
2015-11-08,105
2015-11-09,127
2015-11-10,137
2015-11-11,127
2015-11-12,141
2015-11-13,117
2015-11-14,102
2015-11-15,147
2015-11-16,125
2015-11-17,142
2015-11-18,146
2015-11-19,159
2015-11-20,142
2015-11-21,162
2015-11-22,129
2015-11-23,114
2015-11-24,141
2015-11-25,123
2015-11-26,99
2015-11-27,134
2015-11-28,159
2015-11-29,110
2015-11-30,137
2015-12-01,129
2015-12-02,129
2015-12-03,116
2015-12-04,120
2015-12-05,93
2015-12-06,118
2015-12-07,116
2015-12-08,116
2015-12-09,139
2015-12-10,155
2015-12-11,151
2015-12-12,168
2015-12-13,126
2015-12-14,133
2015-12-15,161
2015-12-16,143
2015-12-17,115
2015-12-18,138
2015-12-19,124
2015-12-20,139
2015-12-21,146
2015-12-22,149
2015-12-23,128
2015-12-24,131
2015-12-25,106
2015-12-26,127
2015-12-27,134
2015-12-28,132
2015-12-29,123
2015-12-30,121
2015-12-31,99
2016-01-01,154
2016-01-02,111
2016-01-03,112
2016-01-04,115
2016-01-05,122
2016-01-06,118
2016-01-07,139
2016-01-08,159
2016-01-09,130
2016-01-10,119
2016-01-11,110
2016-01-12,142
2016-01-13,113
2016-01-14,136
2016-01-15,123
2016-01-16,121
2016-01-17,129
2016-01-18,105
2016-01-19,125
2016-01-20,98
2016-01-21,99
2016-01-22,100
2016-01-23,32
2016-01-24,44
2016-01-25,65
2016-01-26,75
2016-01-27,90
2016-01-28,96
2016-01-29,102
2016-01-30,93
2016-01-31,105
2016-02-01,110
2016-02-02,105
2016-02-03,105
2016-02-04,94
2016-02-05,100
2016-02-06,96
2016-02-07,104
2016-02-08,124
2016-02-09,91
2016-02-10,109
2016-02-11,76
2016-02-12,107
2016-02-13,88
2016-02-14,72
2016-02-15,66
2016-02-16,97
2016-02-17,105
2016-02-18,83
2016-02-19,125
2016-02-20,89
2016-02-21,99
2016-02-22,110
2016-02-23,99
2016-02-24,101
2016-02-25,102
2016-02-26,119
2016-02-27,71
2016-02-28,109
2016-02-29,118
2016-03-01,121
2016-03-02,83
2016-03-03,100
2016-03-04,112
2016-03-05,110
2016-03-06,102
2016-03-07,150
2016-03-08,112
2016-03-09,102
2016-03-10,126
2016-03-11,126
2016-03-12,134
2016-03-13,84
2016-03-14,104
2016-03-15,119
2016-03-16,138
2016-03-17,135
2016-03-18,122
2016-03-19,96
2016-03-20,89
2016-03-21,129
2016-03-22,136
2016-03-23,133
2016-03-24,130
2016-03-25,133
2016-03-26,134
2016-03-27,111
2016-03-28,103
2016-03-29,117
2016-03-30,134
2016-03-31,96
2016-04-01,130
2016-04-02,135
2016-04-03,97
2016-04-04,107
2016-04-05,107
2016-04-06,139
2016-04-07,120
2016-04-08,127
2016-04-09,117
2016-04-10,106
2016-04-11,147
2016-04-12,124
2016-04-13,134
2016-04-14,133
2016-04-15,134
2016-04-16,151
2016-04-17,114
2016-04-18,149
2016-04-19,140
2016-04-20,156
2016-04-21,136
2016-04-22,150
2016-04-23,124
2016-04-24,143
2016-04-25,145
2016-04-26,153
2016-04-27,124
2016-04-28,126
2016-04-29,128
2016-04-30,102
2016-05-01,119
2016-05-02,146
2016-05-03,139
2016-05-04,129
2016-05-05,129
2016-05-06,145
2016-05-07,116
2016-05-08,122
2016-05-09,155
2016-05-10,140
2016-05-11,132
2016-05-12,167
2016-05-13,137
2016-05-14,118
2016-05-15,140
2016-05-16,130
2016-05-17,140
2016-05-18,130
2016-05-19,129
2016-05-20,152
2016-05-21,129
2016-05-22,116
2016-05-23,123
2016-05-24,154
2016-05-25,152
2016-05-26,156
2016-05-27,157
2016-05-28,161
2016-05-29,108
2016-05-30,167
2016-05-31,130
2016-06-01,134
2016-06-02,131
2016-06-03,137
2016-06-04,152
2016-06-05,255
2016-06-06,171
2016-06-07,131
2016-06-08,164
2016-06-09,140
2016-06-10,164
2016-06-11,157
2016-06-12,129
2016-06-13,172
2016-06-14,132
2016-06-15,161
2016-06-16,125
2016-06-17,128
2016-06-18,141
2016-06-19,143
2016-06-20,187
2016-06-21,143
2016-06-22,150
2016-06-23,156
2016-06-24,131
2016-06-25,151
2016-06-26,133
2016-06-27,122
2016-06-28,139
2016-06-29,144
2016-06-30,112
2016-07-01,147
2016-07-02,108
2016-07-03,138
2016-07-04,103
2016-07-05,151
2016-07-06,139
2016-07-07,138
2016-07-08,119
2016-07-09,105
2016-07-10,128
2016-07-11,164
2016-07-12,130
2016-07-13,131
2016-07-14,137
2016-07-15,130
2016-07-16,128
2016-07-17,137
2016-07-18,122
2016-07-19,141
2016-07-20,162
2016-07-21,139
2016-07-22,138
2016-07-23,110
2016-07-24,124
2016-07-25,148
2016-07-26,138
2016-07-27,131
2016-07-28,142
2016-07-29,130
2016-07-30,125
2016-07-31,128
2016-08-01,146
2016-08-02,151
2016-08-03,133
2016-08-04,130
2016-08-05,147
2016-08-06,128
2016-08-07,149
2016-08-08,148
2016-08-09,126
2016-08-10,147
2016-08-11,125
2016-08-12,138
2016-08-13,160
2016-08-14,109
2016-08-15,135
2016-08-16,135
2016-08-17,132
2016-08-18,142
2016-08-19,146
2016-08-20,138
2016-08-21,121
2016-08-22,152
2016-08-23,133
2016-08-24,131
2016-08-25,134
2016-08-26,145
2016-08-27,144
2016-08-28,153
2016-08-29,142
2016-08-30,141
2016-08-31,137
2016-09-01,170
2016-09-02,134
2016-09-03,129
2016-09-04,136
2016-09-05,131
2016-09-06,144
2016-09-07,160
2016-09-08,131
2016-09-09,151
2016-09-10,149
2016-09-11,180
2016-09-12,161
2016-09-13,150
2016-09-14,132
2016-09-15,155
2016-09-16,146
2016-09-17,143
2016-09-18,145
2016-09-19,136
2016-09-20,149
2016-09-21,143
2016-09-22,186
2016-09-23,165
2016-09-24,189
2016-09-25,157
2016-09-26,125
2016-09-27,156
2016-09-28,140
2016-09-29,131
2016-09-30,169
2016-10-01,147
2016-10-02,146
2016-10-03,133
2016-10-04,142
2016-10-05,154
2016-10-06,126
2016-10-07,171
2016-10-08,147
2016-10-09,149
2016-10-10,152
2016-10-11,153
2016-10-12,146
2016-10-13,148
2016-10-14,156
2016-10-15,163
2016-10-16,143
2016-10-17,183
2016-10-18,150
2016-10-19,189
2016-10-20,177
2016-10-21,160
2016-10-22,130
2016-10-23,151
2016-10-24,161
2016-10-25,179
2016-10-26,143
2016-10-27,152
2016-10-28,165
2016-10-29,138
2016-10-30,171
2016-10-31,196
2016-11-01,186
2016-11-02,156
2016-11-03,152
2016-11-04,170
2016-11-05,146
2016-11-06,155
2016-11-07,140
2016-11-08,127
2016-11-09,136
2016-11-10,140
2016-11-11,154
2016-11-12,129
2016-11-13,120
2016-11-14,131
2016-11-15,150
2016-11-16,160
2016-11-17,176
2016-11-18,165
2016-11-19,130
2016-11-20,114
2016-11-21,137
2016-11-22,160
2016-11-23,147
2016-11-24,112
2016-11-25,133
2016-11-26,117
2016-11-27,131
2016-11-28,187
2016-11-29,167
2016-11-30,141
2016-12-01,170
2016-12-02,153
2016-12-03,133
2016-12-04,130
2016-12-05,150
2016-12-06,123
2016-12-07,140
2016-12-08,156
2016-12-09,114
2016-12-10,123
2016-12-11,136
2016-12-12,124
2016-12-13,169
2016-12-14,131
2016-12-15,125
2016-12-16,119
2016-12-17,90
2016-12-18,129
2016-12-19,140
2016-12-20,179
2016-12-21,142
2016-12-22,157
2016-12-23,158
2016-12-24,121
2016-12-25,118
2016-12-26,115
2016-12-27,144
2016-12-28,161
2016-12-29,127
2016-12-30,112
2016-12-31,125
2017-01-01,155
2017-01-02,146
2017-01-03,130
2017-01-04,149
2017-01-05,148
2017-01-06,134
2017-01-07,118
2017-01-08,99
2017-01-09,122
2017-01-10,169
2017-01-11,163
2017-01-12,172
2017-01-13,154
2017-01-14,110
2017-01-15,130
2017-01-16,139
2017-01-17,171
2017-01-18,134
2017-01-19,153
2017-01-20,205
2017-01-21,157
2017-01-22,114
2017-01-23,153
2017-01-24,138
2017-01-25,167
2017-01-26,160
2017-01-27,162
2017-01-28,176
2017-01-29,150
2017-01-30,144
2017-01-31,145
2017-02-01,140
2017-02-02,159
2017-02-03,155
2017-02-04,142
2017-02-05,118
2017-02-06,134
2017-02-07,124
2017-02-08,124
2017-02-09,140
2017-02-10,147
2017-02-11,137
2017-02-12,127
2017-02-13,128
2017-02-14,149
2017-02-15,142
2017-02-16,130
2017-02-17,144
2017-02-18,155
2017-02-19,109
2017-02-20,113
2017-02-21,156
2017-02-22,129
2017-02-23,149
2017-02-24,134
2017-02-25,131
2017-02-26,100
2017-02-27,116
2017-02-28,104
2017-03-01,148
2017-03-02,109
2017-03-03,129
2017-03-04,101
2017-03-05,94
2017-03-06,113
2017-03-07,124
2017-03-08,134
2017-03-09,110
2017-03-10,113
2017-03-11,127
2017-03-12,91
2017-03-13,112
2017-03-14,74
2017-03-15,84
2017-03-16,120
2017-03-17,135
2017-03-18,147
2017-03-19,105
2017-03-20,121
2017-03-21,150
2017-03-22,136
2017-03-23,138
2017-03-24,150
2017-03-25,127
2017-03-26,133
2017-03-27,152
2017-03-28,118
2017-03-29,136
2017-03-30,126
2017-03-31,116
2017-04-01,159
2017-04-02,102
2017-04-03,156
2017-04-04,133
2017-04-05,132
2017-04-06,115
2017-04-07,128
2017-04-08,135
2017-04-09,138
2017-04-10,163
2017-04-11,138
2017-04-12,131
2017-04-13,121
2017-04-14,146
2017-04-15,165
2017-04-16,141
2017-04-17,129
2017-04-18,106
2017-04-19,139
2017-04-20,158
2017-04-21,163
2017-04-22,150
2017-04-23,152
2017-04-24,130
2017-04-25,139
2017-04-26,138
2017-04-27,142
2017-04-28,155
2017-04-29,122
2017-04-30,144
2017-05-01,136
2017-05-02,168
2017-05-03,145
2017-05-04,147
2017-05-05,141
2017-05-06,167
2017-05-07,136
2017-05-08,153
2017-05-09,130
2017-05-10,138
2017-05-11,119
2017-05-12,157
2017-05-13,134
2017-05-14,136
2017-05-15,156
2017-05-16,155
2017-05-17,181
2017-05-18,143
2017-05-19,141
2017-05-20,169
2017-05-21,146
2017-05-22,180
2017-05-23,130
2017-05-24,148
2017-05-25,154
2017-05-26,166
2017-05-27,141
2017-05-28,122
2017-05-29,137
2017-05-30,144
2017-05-31,166
2017-06-01,170
2017-06-02,163
2017-06-03,138
2017-06-04,114
2017-06-05,144
2017-06-06,147
2017-06-07,156
2017-06-08,167
2017-06-09,179
2017-06-10,132
2017-06-11,169
2017-06-12,158
2017-06-13,166
2017-06-14,145
2017-06-15,141
2017-06-16,144
2017-06-17,165
2017-06-18,158
2017-06-19,155
2017-06-20,127
2017-06-21,158
2017-06-22,125
2017-06-23,179
2017-06-24,157
2017-06-25,149
2017-06-26,171
2017-06-27,161
2017-06-28,150
2017-06-29,147
2017-06-30,173
2017-07-01,148
2017-07-02,128
2017-07-03,127
2017-07-04,139
2017-07-05,150
2017-07-06,142
2017-07-07,157
2017-07-08,109
2017-07-09,128
2017-07-10,157
2017-07-11,151
2017-07-12,163
2017-07-13,161
2017-07-14,181
2017-07-15,152
2017-07-16,139
2017-07-17,154
2017-07-18,142
2017-07-19,162
2017-07-20,151
2017-07-21,166
2017-07-22,141
2017-07-23,173
2017-07-24,159
2017-07-25,175
2017-07-26,130
2017-07-27,139
2017-07-28,145
2017-07-29,148
2017-07-30,154
2017-07-31,157
2017-08-01,158
2017-08-02,150
2017-08-03,168
2017-08-04,130
2017-08-05,138
2017-08-06,157
2017-08-07,132
2017-08-08,146
2017-08-09,146
2017-08-10,154
2017-08-11,145
2017-08-12,164
2017-08-13,177
2017-08-14,168
2017-08-15,151
2017-08-16,160
2017-08-17,153
2017-08-18,128
2017-08-19,134
2017-08-20,138
2017-08-21,161
2017-08-22,178
2017-08-23,143
2017-08-24,146
2017-08-25,161
2017-08-26,162
2017-08-27,170
2017-08-28,128
2017-08-29,128
2017-08-30,143
2017-08-31,154
2017-09-01,142
2017-09-02,123
2017-09-03,126
2017-09-04,143
2017-09-05,124
2017-09-06,114
2017-09-07,130
2017-09-08,149
2017-09-09,144
2017-09-10,137
2017-09-11,157
2017-09-12,131
2017-09-13,138
2017-09-14,135
2017-09-15,162
2017-09-16,149
2017-09-17,151
2017-09-18,174
2017-09-19,151
2017-09-20,145
2017-09-21,149
2017-09-22,173
2017-09-23,171
2017-09-24,157
2017-09-25,167
2017-09-26,172
2017-09-27,160
2017-09-28,151
2017-09-29,148
2017-09-30,141
2017-10-01,153
2017-10-02,134
2017-10-03,151
2017-10-04,158
2017-10-05,180
2017-10-06,156
2017-10-07,159
2017-10-08,138
2017-10-09,173
2017-10-10,173
2017-10-11,152
2017-10-12,148
2017-10-13,178
2017-10-14,146
2017-10-15,151
2017-10-16,153
2017-10-17,143
2017-10-18,163
2017-10-19,130
2017-10-20,150
2017-10-21,155
2017-10-22,151
2017-10-23,156
2017-10-24,139
2017-10-25,202
2017-10-26,143
2017-10-27,139
2017-10-28,135
2017-10-29,164
2017-10-30,128
2017-10-31,177
2017-11-01,135
2017-11-02,128
2017-11-03,144
2017-11-04,144
2017-11-05,126
2017-11-06,145
2017-11-07,128
2017-11-08,152
2017-11-09,130
2017-11-10,138
2017-11-11,122
2017-11-12,127
2017-11-13,155
2017-11-14,152
2017-11-15,131
2017-11-16,151
2017-11-17,137
2017-11-18,137
2017-11-19,117
2017-11-20,148
2017-11-21,132
2017-11-22,147
2017-11-23,97
2017-11-24,166
2017-11-25,113
2017-11-26,155
2017-11-27,175
2017-11-28,149
2017-11-29,174
2017-11-30,136
2017-12-01,154
2017-12-02,118
2017-12-03,111
2017-12-04,149
2017-12-05,125
2017-12-06,151
2017-12-07,148
2017-12-08,155
2017-12-09,121
2017-12-10,124
2017-12-11,152
2017-12-12,161
2017-12-13,138
2017-12-14,125
2017-12-15,111
2017-12-16,106
2017-12-17,149
2017-12-18,163
2017-12-19,131
2017-12-20,151
2017-12-21,155
2017-12-22,158
2017-12-23,130
2017-12-24,125
2017-12-25,106
2017-12-26,117
2017-12-27,125
2017-12-28,89
2017-12-29,120
2017-12-30,98
2017-12-31,86
2018-01-01,126
2018-01-02,119
2018-01-03,125
2018-01-04,80
2018-01-05,101
2018-01-06,94
2018-01-07,102
2018-01-08,119
2018-01-09,134
2018-01-10,138
2018-01-11,149
2018-01-12,137
2018-01-13,123
2018-01-14,96
2018-01-15,122
2018-01-16,126
2018-01-17,96
2018-01-18,127
2018-01-19,135
2018-01-20,134
2018-01-21,122
2018-01-22,135
2018-01-23,112
2018-01-24,139
2018-01-25,130
2018-01-26,112
2018-01-27,129
2018-01-28,127
2018-01-29,125
2018-01-30,127
2018-01-31,119
2018-02-01,132
2018-02-02,121
2018-02-03,104
2018-02-04,85
2018-02-05,103
2018-02-06,151
2018-02-07,92
2018-02-08,111
2018-02-09,131
2018-02-10,104
2018-02-11,101
2018-02-12,119
2018-02-13,107
2018-02-14,107
2018-02-15,134
2018-02-16,124
2018-02-17,88
2018-02-18,96
2018-02-19,115
2018-02-20,118
2018-02-21,106
2018-02-22,98
2018-02-23,104
2018-02-24,88
2018-02-25,109
2018-02-26,131
2018-02-27,119
2018-02-28,115
2018-03-01,106
2018-03-02,105
2018-03-03,116
2018-03-04,105
2018-03-05,103
2018-03-06,99
2018-03-07,102
2018-03-08,112
2018-03-09,106
2018-03-10,114
2018-03-11,111
2018-03-12,136
2018-03-13,123
2018-03-14,104
2018-03-15,97
2018-03-16,136
2018-03-17,128
2018-03-18,122
2018-03-19,126
2018-03-20,103
2018-03-21,82
2018-03-22,140
2018-03-23,119
2018-03-24,110
2018-03-25,80
2018-03-26,86
2018-03-27,111
2018-03-28,110
2018-03-29,126
2018-03-30,140
2018-03-31,119
2018-04-01,102
2018-04-02,145
2018-04-03,110
2018-04-04,115
2018-04-05,132
2018-04-06,154
2018-04-07,106
2018-04-08,116
2018-04-09,122
2018-04-10,121
2018-04-11,114
2018-04-12,143
2018-04-13,128
2018-04-14,110
2018-04-15,116
2018-04-16,112
2018-04-17,136
2018-04-18,121
2018-04-19,140
2018-04-20,114
2018-04-21,104
2018-04-22,125
2018-04-23,123
2018-04-24,150
2018-04-25,125
2018-04-26,140
2018-04-27,160
2018-04-28,122
2018-04-29,133
2018-04-30,139
2018-05-01,136
2018-05-02,122
2018-05-03,122
2018-05-04,131
2018-05-05,128
2018-05-06,117
2018-05-07,133
2018-05-08,127
2018-05-09,108
2018-05-10,161
2018-05-11,160
2018-05-12,138
2018-05-13,113
2018-05-14,151
2018-05-15,161
2018-05-16,141
2018-05-17,120
2018-05-18,146
2018-05-19,119
2018-05-20,134
2018-05-21,136
2018-05-22,133
2018-05-23,171
2018-05-24,159
2018-05-25,140
2018-05-26,113
2018-05-27,107
2018-05-28,132
2018-05-29,170
2018-05-30,148
2018-05-31,122
2018-06-01,147
2018-06-02,135
2018-06-03,120
2018-06-04,129
2018-06-05,153
2018-06-06,148
2018-06-07,137
2018-06-08,152
2018-06-09,142
2018-06-10,131
2018-06-11,130
2018-06-12,145
2018-06-13,145
2018-06-14,126
2018-06-15,147
2018-06-16,141
2018-06-17,121
2018-06-18,125
2018-06-19,131
2018-06-20,142
2018-06-21,158
2018-06-22,128
2018-06-23,119
2018-06-24,134
2018-06-25,135
2018-06-26,123
2018-06-27,121
2018-06-28,124
2018-06-29,134
2018-06-30,135
2018-07-01,131
2018-07-02,123
2018-07-03,117
2018-07-04,130
2018-07-05,142
2018-07-06,122
2018-07-07,134
2018-07-08,127
2018-07-09,141
2018-07-10,121
2018-07-11,107
2018-07-12,150
2018-07-13,126
2018-07-14,139
2018-07-15,140
2018-07-16,142
2018-07-17,133
2018-07-18,168
2018-07-19,144
2018-07-20,137
2018-07-21,143
2018-07-22,129
2018-07-23,157
2018-07-24,131
2018-07-25,160
2018-07-26,167
2018-07-27,162
2018-07-28,114
2018-07-29,147
2018-07-30,180
2018-07-31,136
2018-08-01,140
2018-08-02,138
2018-08-03,160
2018-08-04,126
2018-08-05,142
2018-08-06,149
2018-08-07,138
2018-08-08,143
2018-08-09,152
2018-08-10,157
2018-08-11,175
2018-08-12,151
2018-08-13,136
2018-08-14,150
2018-08-15,154
2018-08-16,148
2018-08-17,162
2018-08-18,134
2018-08-19,157
2018-08-20,161
2018-08-21,140
2018-08-22,145
2018-08-23,148
2018-08-24,139
2018-08-25,154
2018-08-26,139
2018-08-27,154
2018-08-28,137
2018-08-29,132
2018-08-30,132
2018-08-31,146
2018-09-01,143
2018-09-02,121
2018-09-03,126
2018-09-04,149
2018-09-05,135
2018-09-06,133
2018-09-07,155
2018-09-08,106
2018-09-09,109
2018-09-10,156
2018-09-11,138
2018-09-12,133
2018-09-13,165
2018-09-14,146
2018-09-15,150
2018-09-16,138
2018-09-17,134
2018-09-18,159
2018-09-19,150
2018-09-20,143
2018-09-21,138
2018-09-22,141
2018-09-23,121
2018-09-24,151
2018-09-25,157
2018-09-26,128
2018-09-27,151
2018-09-28,135
2018-09-29,144
2018-09-30,153
2018-10-01,151
2018-10-02,177
2018-10-03,151
2018-10-04,152
2018-10-05,144
2018-10-06,150
2018-10-07,127
2018-10-08,153
2018-10-09,147
2018-10-10,185
2018-10-11,154
2018-10-12,151
2018-10-13,118
2018-10-14,150
2018-10-15,169
2018-10-16,151
2018-10-17,161
2018-10-18,135
2018-10-19,163
2018-10-20,151
2018-10-21,125
2018-10-22,125
2018-10-23,150
2018-10-24,132
2018-10-25,116
2018-10-26,147
2018-10-27,133
2018-10-28,142
2018-10-29,162
2018-10-30,139
2018-10-31,159
2018-11-01,156
2018-11-02,149
2018-11-03,130
2018-11-04,155
2018-11-05,121
2018-11-06,141
2018-11-07,171
2018-11-08,154
2018-11-09,149
2018-11-10,136
2018-11-11,120
2018-11-12,115
2018-11-13,137
2018-11-14,139
2018-11-15,133
2018-11-16,148
2018-11-17,140
2018-11-18,149
2018-11-19,177
2018-11-20,136
2018-11-21,146
2018-11-22,117
2018-11-23,130
2018-11-24,111
2018-11-25,134
2018-11-26,126
2018-11-27,147
2018-11-28,130
2018-11-29,151
2018-11-30,128
2018-12-01,156
2018-12-02,134
2018-12-03,133
2018-12-04,151
2018-12-05,155
2018-12-06,126
2018-12-07,154
2018-12-08,114
2018-12-09,119
2018-12-10,140
2018-12-11,160
2018-12-12,145
2018-12-13,149
2018-12-14,141
2018-12-15,148
2018-12-16,114
2018-12-17,144
2018-12-18,186
2018-12-19,141
2018-12-20,212
2018-12-21,157
2018-12-22,108
2018-12-23,119
2018-12-24,139
2018-12-25,97
2018-12-26,99
2018-12-27,130
2018-12-28,156
2018-12-29,129
2018-12-30,121
2018-12-31,135
2019-01-01,147
2019-01-02,128
2019-01-03,126
2019-01-04,136
2019-01-05,142
2019-01-06,118
2019-01-07,139
2019-01-08,151
2019-01-09,156
2019-01-10,125
2019-01-11,151
2019-01-12,109
2019-01-13,82
2019-01-14,118
2019-01-15,146
2019-01-16,142
2019-01-17,99
2019-01-18,124
2019-01-19,93
2019-01-20,106
2019-01-21,96
2019-01-22,107
2019-01-23,114
2019-01-24,136
2019-01-25,97
2019-01-26,97
2019-01-27,98
2019-01-28,117
2019-01-29,116
2019-01-30,103
2019-01-31,105
2019-02-01,91
2019-02-02,102
2019-02-03,115
2019-02-04,118
2019-02-05,134
2019-02-06,147
2019-02-07,142
2019-02-08,141
2019-02-09,104
2019-02-10,95
2019-02-11,103
2019-02-12,88
2019-02-13,120
2019-02-14,116
2019-02-15,119
2019-02-16,98
2019-02-17,108
2019-02-18,104
2019-02-19,126
2019-02-20,86
2019-02-21,129
2019-02-22,98
2019-02-23,113
2019-02-24,98
2019-02-25,113
2019-02-26,106
2019-02-27,115
2019-02-28,103
2019-03-01,110
2019-03-02,90
2019-03-03,85
2019-03-04,108
2019-03-05,89
2019-03-06,97
2019-03-07,93
2019-03-08,83
2019-03-09,100
2019-03-10,100
2019-03-11,110
2019-03-12,106
2019-03-13,93
2019-03-14,111
2019-03-15,114
2019-03-16,141
2019-03-17,113
2019-03-18,135
2019-03-19,124
2019-03-20,113
2019-03-21,93
2019-03-22,110
2019-03-23,140
2019-03-24,106
2019-03-25,128
2019-03-26,130
2019-03-27,120
2019-03-28,150
2019-03-29,117
2019-03-30,138
2019-03-31,115
2019-04-01,134
2019-04-02,91
2019-04-03,102
2019-04-04,151
2019-04-05,123
2019-04-06,120
2019-04-07,107
2019-04-08,127
2019-04-09,106
2019-04-10,146
2019-04-11,136
2019-04-12,128
2019-04-13,118
2019-04-14,95
2019-04-15,104
2019-04-16,113
2019-04-17,122
2019-04-18,128
2019-04-19,123
2019-04-20,103
2019-04-21,114
2019-04-22,125
2019-04-23,156
2019-04-24,109
2019-04-25,132
2019-04-26,133
2019-04-27,128
2019-04-28,122
2019-04-29,128
2019-04-30,137
2019-05-01,142
2019-05-02,112
2019-05-03,133
2019-05-04,124
2019-05-05,125
2019-05-06,138
2019-05-07,108
2019-05-08,129
2019-05-09,123
2019-05-10,140
2019-05-11,116
2019-05-12,91
2019-05-13,123
2019-05-14,126
2019-05-15,155
2019-05-16,126
2019-05-17,154
2019-05-18,155
2019-05-19,148
2019-05-20,143
2019-05-21,157
2019-05-22,162
2019-05-23,131
2019-05-24,153
2019-05-25,148
2019-05-26,101
2019-05-27,133
2019-05-28,152
2019-05-29,138
2019-05-30,123
2019-05-31,138
2019-06-01,178
2019-06-02,138
2019-06-03,146
2019-06-04,135
2019-06-05,131
2019-06-06,130
2019-06-07,133
2019-06-08,123
2019-06-09,103
2019-06-10,142
2019-06-11,131
2019-06-12,147
2019-06-13,128
2019-06-14,141
2019-06-15,117
2019-06-16,135
2019-06-17,164
2019-06-18,147
2019-06-19,141
2019-06-20,151
2019-06-21,122
2019-06-22,169
2019-06-23,126
2019-06-24,158
2019-06-25,157
2019-06-26,162
2019-06-27,128
2019-06-28,128
2019-06-29,131
2019-06-30,139
2019-07-01,152
2019-07-02,144
2019-07-03,114
2019-07-04,124
2019-07-05,154
2019-07-06,133
2019-07-07,131
2019-07-08,162
2019-07-09,134
2019-07-10,163
2019-07-11,125
2019-07-12,154
2019-07-13,128
2019-07-14,147
2019-07-15,177
2019-07-16,135
2019-07-17,127
2019-07-18,146
2019-07-19,160
2019-07-20,154
2019-07-21,149
2019-07-22,166
2019-07-23,141
2019-07-24,153
2019-07-25,149
2019-07-26,148
2019-07-27,166
2019-07-28,165
2019-07-29,129
2019-07-30,144
2019-07-31,127
2019-08-01,126
2019-08-02,114
2019-08-03,166
2019-08-04,111
2019-08-05,145
2019-08-06,143
2019-08-07,182
2019-08-08,153
2019-08-09,164
2019-08-10,166
2019-08-11,167
2019-08-12,165
2019-08-13,135
2019-08-14,126
2019-08-15,126
2019-08-16,128
2019-08-17,144
2019-08-18,120
2019-08-19,171
2019-08-20,159
2019-08-21,149
2019-08-22,126
2019-08-23,127
2019-08-24,132
2019-08-25,163
2019-08-26,112
2019-08-27,142
2019-08-28,144
2019-08-29,151
2019-08-30,163
2019-08-31,141
2019-09-01,159
2019-09-02,151
2019-09-03,141
2019-09-04,138
2019-09-05,141
2019-09-06,121
2019-09-07,128
2019-09-08,152
2019-09-09,123
2019-09-10,140
2019-09-11,135
2019-09-12,148
2019-09-13,183
2019-09-14,144
2019-09-15,159
2019-09-16,131
2019-09-17,118
2019-09-18,130
2019-09-19,135
2019-09-20,144
2019-09-21,154
2019-09-22,123
2019-09-23,133
2019-09-24,168
2019-09-25,140
2019-09-26,125
2019-09-27,133
2019-09-28,140
2019-09-29,139
2019-09-30,143
2019-10-01,147
2019-10-02,136
2019-10-03,119
2019-10-04,154
2019-10-05,110
2019-10-06,133
2019-10-07,139
2019-10-08,123
2019-10-09,119
2019-10-10,119
2019-10-11,110
2019-10-12,144
2019-10-13,144
2019-10-14,120
2019-10-15,116
2019-10-16,98
2019-10-17,122
2019-10-18,123
2019-10-19,129
2019-10-20,122
2019-10-21,124
2019-10-22,105
2019-10-23,116
2019-10-24,121
2019-10-25,119
2019-10-26,130
2019-10-27,113
2019-10-28,160
2019-10-29,130
2019-10-30,107
2019-10-31,143
2019-11-01,147
2019-11-02,109
2019-11-03,114
2019-11-04,131
2019-11-05,118
2019-11-06,121
2019-11-07,132
2019-11-08,130
2019-11-09,110
2019-11-10,123
2019-11-11,128
2019-11-12,148
2019-11-13,124
2019-11-14,136
2019-11-15,109
2019-11-16,118
2019-11-17,130
2019-11-18,100
2019-11-19,125
2019-11-20,120
2019-11-21,103
2019-11-22,131
2019-11-23,101
2019-11-24,93
2019-11-25,106
2019-11-26,114
2019-11-27,137
2019-11-28,88
2019-11-29,100
2019-11-30,100
2019-12-01,98
2019-12-02,123
2019-12-03,120
2019-12-04,103
2019-12-05,99
2019-12-06,145
2019-12-07,118
2019-12-08,106
2019-12-09,106
2019-12-10,129
2019-12-11,116
2019-12-12,106
2019-12-13,121
2019-12-14,98
2019-12-15,136
2019-12-16,99
2019-12-17,135
2019-12-18,108
2019-12-19,98
2019-12-20,115
2019-12-21,112
2019-12-22,110
2019-12-23,97
2019-12-24,121
2019-12-25,109
2019-12-26,85
2019-12-27,115
2019-12-28,100
2019-12-29,97
2019-12-30,108
2019-12-31,103
2020-01-01,129
2011-01-01,185
2011-01-02,102
2011-01-03,106
2011-01-04,113
2011-01-05,131
2011-01-06,107
2011-01-07,150
2011-01-08,106
2011-01-09,98
2011-01-10,115
2011-01-11,120
2011-01-12,76
2011-01-13,114
2011-01-14,115
2011-01-15,121
2011-01-16,94
2011-01-17,110
2011-01-18,108
2011-01-19,113
2011-01-20,138
2011-01-21,118
2011-01-22,122
2011-01-23,106
2011-01-24,112
2011-01-25,107
2011-01-26,81
2011-01-27,72
2011-01-28,127
2011-01-29,84
2011-01-30,95
2011-01-31,94
2011-02-01,110
2011-02-02,100
2011-02-03,97
2011-02-04,119
2011-02-05,101
2011-02-06,94
2011-02-07,111
2011-02-08,104
2011-02-09,99
2011-02-10,114
2011-02-11,118
2011-02-12,120
2011-02-13,104
2011-02-14,124
2011-02-15,103
2011-02-16,110
2011-02-17,117
2011-02-18,130
2011-02-19,113
2011-02-20,116
2011-02-21,107
2011-02-22,75
2011-02-23,92
2011-02-24,121
2011-02-25,122
2011-02-26,147
2011-02-27,101
2011-02-28,139
2011-03-01,135
2011-03-02,128
2011-03-03,120
2011-03-04,160
2011-03-05,136
2011-03-06,124
2011-03-07,129
2011-03-08,136
2011-03-09,118
2011-03-10,118
2011-03-11,149
2011-03-12,139
2011-03-13,107
2011-03-14,136
2011-03-15,129
2011-03-16,134
2011-03-17,143
2011-03-18,190
2011-03-19,179
2011-03-20,126
2011-03-21,154
2011-03-22,164
2011-03-23,159
2011-03-24,143
2011-03-25,152
2011-03-26,117
2011-03-27,138
2011-03-28,126
2011-03-29,137
2011-03-30,131
2011-03-31,112
2011-04-01,176
2011-04-02,139
2011-04-03,119
2011-04-04,127
2011-04-05,140
2011-04-06,140
2011-04-07,128
2011-04-08,137
2011-04-09,129
2011-04-10,146
2011-04-11,140
2011-04-12,140
2011-04-13,135
2011-04-14,144
2011-04-15,154
2011-04-16,127
2011-04-17,124
2011-04-18,132
2011-04-19,137
2011-04-20,130
2011-04-21,151
2011-04-22,119
2011-04-23,129
2011-04-24,128
2011-04-25,136
2011-04-26,134
2011-04-27,167
2011-04-28,135
2011-04-29,149
2011-04-30,157
2011-05-01,143
2011-05-02,138
2011-05-03,128
2011-05-04,116
2011-05-05,147
2011-05-06,136
2011-05-07,128
2011-05-08,127
2011-05-09,144
2011-05-10,160
2011-05-11,153
2011-05-12,148
2011-05-13,182
2011-05-14,137
2011-05-15,128
2011-05-16,157
2011-05-17,139
2011-05-18,150
2011-05-19,153
2011-05-20,164
2011-05-21,155
2011-05-22,120
2011-05-23,157
2011-05-24,145
2011-05-25,168
2011-05-26,147
2011-05-27,184
2011-05-28,134
2011-05-29,136
2011-05-30,157
2011-05-31,135
2011-06-01,168
2011-06-02,148
2011-06-03,145
2011-06-04,143
2011-06-05,123
2011-06-06,143
2011-06-07,140
2011-06-08,121
2011-06-09,134
2011-06-10,135
2011-06-11,144
2011-06-12,158
2011-06-13,127
2011-06-14,125
2011-06-15,129
2011-06-16,180
2011-06-17,145
2011-06-18,148
2011-06-19,156
2011-06-20,166
2011-06-21,148
2011-06-22,157
2011-06-23,150
2011-06-24,152
2011-06-25,141
2011-06-26,146
2011-06-27,168
2011-06-28,165
2011-06-29,152
2011-06-30,170
2011-07-01,175
2011-07-02,142
2011-07-03,130
2011-07-04,161
2011-07-05,127
2011-07-06,157
2011-07-07,114
2011-07-08,160
2011-07-09,143
2011-07-10,163
2011-07-11,158
2011-07-12,121
2011-07-13,161
2011-07-14,161
2011-07-15,160
2011-07-16,140
2011-07-17,160
2011-07-18,149
2011-07-19,159
2011-07-20,125
2011-07-21,138
2011-07-22,154
2011-07-23,151
2011-07-24,157
2011-07-25,156
2011-07-26,155
2011-07-27,137
2011-07-28,114
2011-07-29,186
2011-07-30,193
2011-07-31,162
2011-08-01,158
2011-08-02,113
2011-08-03,142
2011-08-04,154
2011-08-05,180
2011-08-06,167
2011-08-07,148
2011-08-08,130
2011-08-09,143
2011-08-10,157
2011-08-11,135
2011-08-12,150
2011-08-13,160
2011-08-14,131
2011-08-15,184
2011-08-16,151
2011-08-17,140
2011-08-18,149
2011-08-19,163
2011-08-20,144
2011-08-21,133
2011-08-22,145
2011-08-23,172
2011-08-24,148
2011-08-25,155
2011-08-26,160
2011-08-27,130
2011-08-28,120
2011-08-29,149
2011-08-30,142
2011-08-31,121
2011-09-01,130
2011-09-02,151
2011-09-03,134
2011-09-04,143
2011-09-05,135
2011-09-06,115
2011-09-07,129
2011-09-08,122
2011-09-09,130
2011-09-10,180
2011-09-11,145
2011-09-12,128
2011-09-13,144
2011-09-14,152
2011-09-15,132
2011-09-16,174
2011-09-17,144
2011-09-18,148
2011-09-19,153
2011-09-20,148
2011-09-21,146
2011-09-22,155
2011-09-23,152
2011-09-24,159
2011-09-25,143
2011-09-26,174
2011-09-27,156
2011-09-28,160
2011-09-29,123
2011-09-30,172
2011-10-01,153
2011-10-02,112
2011-10-03,153
2011-10-04,141
2011-10-05,149
2011-10-06,135
2011-10-07,163
2011-10-08,179
2011-10-09,138
2011-10-10,176
2011-10-11,149
2011-10-12,129
2011-10-13,166
2011-10-14,199
2011-10-15,162
2011-10-16,138
2011-10-17,177
2011-10-18,131
2011-10-19,140
2011-10-20,118
2011-10-21,183
2011-10-22,154
2011-10-23,132
2011-10-24,162
2011-10-25,157
2011-10-26,133
2011-10-27,136
2011-10-28,138
2011-10-29,144
2011-10-30,132
2011-10-31,165
2011-11-01,146
2011-11-02,169
2011-11-03,144
2011-11-04,160
2011-11-05,164
2011-11-06,147
2011-11-07,170
2011-11-08,149
2011-11-09,163
2011-11-10,160
2011-11-11,146
2011-11-12,148
2011-11-13,146
2011-11-14,162
2011-11-15,163
2011-11-16,125
2011-11-17,133
2011-11-18,134
2011-11-19,143
2011-11-20,137
2011-11-21,143
2011-11-22,135
2011-11-23,161
2011-11-24,123
2011-11-25,141
2011-11-26,144
2011-11-27,113
2011-11-28,162
2011-11-29,138
2011-11-30,142
2011-12-01,148
2011-12-02,155
2011-12-03,135
2011-12-04,114
2011-12-05,137
2011-12-06,131
2011-12-07,126
2011-12-08,105
2011-12-09,133
2011-12-10,122
2011-12-11,135
2011-12-12,125
2011-12-13,153
2011-12-14,147
2011-12-15,168
2011-12-16,155
2011-12-17,120
2011-12-18,104
2011-12-19,154
2011-12-20,128
2011-12-21,135
2011-12-22,162
2011-12-23,143
2011-12-24,140
2011-12-25,92
2011-12-26,114
2011-12-27,102
2011-12-28,109
2011-12-29,133
2011-12-30,130
2011-12-31,112
2012-01-01,176
2012-01-02,105
2012-01-03,99
2012-01-04,121
2012-01-05,131
2012-01-06,126
2012-01-07,122
2012-01-08,109
2012-01-09,107
2012-01-10,132
2012-01-11,113
2012-01-12,112
2012-01-13,124
2012-01-14,119
2012-01-15,99
2012-01-16,95
2012-01-17,137
2012-01-18,146
2012-01-19,128
2012-01-20,134
2012-01-21,104
2012-01-22,112
2012-01-23,155
2012-01-24,129
2012-01-25,130
2012-01-26,111
2012-01-27,128
2012-01-28,153
2012-01-29,133
2012-01-30,120
2012-01-31,128
2012-02-01,149
2012-02-02,116
2012-02-03,129
2012-02-04,101
2012-02-05,112
2012-02-06,133
2012-02-07,102
2012-02-08,110
2012-02-09,94
2012-02-10,110
2012-02-11,114
2012-02-12,105
2012-02-13,113
2012-02-14,99
2012-02-15,126
2012-02-16,104
2012-02-17,147
2012-02-18,127
2012-02-19,107
2012-02-20,121
2012-02-21,118
2012-02-22,122
2012-02-23,119
2012-02-24,121
2012-02-25,107
2012-02-26,78
2012-02-27,152
2012-02-28,101
2012-02-29,121
2012-03-01,126
2012-03-02,140
2012-03-03,108
2012-03-04,120
2012-03-05,130
2012-03-06,101
2012-03-07,134
2012-03-08,133
2012-03-09,135
2012-03-10,123
2012-03-11,118
2012-03-12,122
2012-03-13,141
2012-03-14,126
2012-03-15,149
2012-03-16,168
2012-03-17,163
2012-03-18,143
2012-03-19,155
2012-03-20,178
2012-03-21,148
2012-03-22,136
2012-03-23,152
2012-03-24,140
2012-03-25,135
2012-03-26,166
2012-03-27,154
2012-03-28,137
2012-03-29,147
2012-03-30,135
2012-03-31,139
2012-04-01,118
2012-04-02,120
2012-04-03,124
2012-04-04,119
2012-04-05,138
2012-04-06,127
2012-04-07,113
2012-04-08,105
2012-04-09,159
2012-04-10,124
2012-04-11,116
2012-04-12,110
2012-04-13,138
2012-04-14,145
2012-04-15,131
2012-04-16,125
2012-04-17,164
2012-04-18,168
2012-04-19,160
2012-04-20,166
2012-04-21,113
2012-04-22,117
2012-04-23,125
2012-04-24,126
2012-04-25,150
2012-04-26,123
2012-04-27,158
2012-04-28,138
2012-04-29,126
2012-04-30,133
2012-05-01,181
2012-05-02,138
2012-05-03,136
2012-05-04,126
2012-05-05,149
2012-05-06,153
2012-05-07,159
2012-05-08,150
2012-05-09,125
2012-05-10,126
2012-05-11,139
2012-05-12,149
2012-05-13,158
2012-05-14,145
2012-05-15,170
2012-05-16,138
2012-05-17,159
2012-05-18,152
2012-05-19,160
2012-05-20,154
2012-05-21,132
2012-05-22,151
2012-05-23,163
2012-05-24,164
2012-05-25,163
2012-05-26,154
2012-05-27,141
2012-05-28,150
2012-05-29,147
2012-05-30,142
2012-05-31,174
2012-06-01,156
2012-06-02,135
2012-06-03,123
2012-06-04,132
2012-06-05,130
2012-06-06,136
2012-06-07,139
2012-06-08,155
2012-06-09,131
2012-06-10,136
2012-06-11,163
2012-06-12,119
2012-06-13,152
2012-06-14,143
2012-06-15,144
2012-06-16,156
2012-06-17,120
2012-06-18,141
2012-06-19,125
2012-06-20,152
2012-06-21,167
2012-06-22,172
2012-06-23,135
2012-06-24,148
2012-06-25,136
2012-06-26,158
2012-06-27,162
2012-06-28,152
2012-06-29,141
2012-06-30,137
2012-07-01,156
2012-07-02,124
2012-07-03,163
2012-07-04,145
2012-07-05,123
2012-07-06,136
2012-07-07,144
2012-07-08,141
2012-07-09,113
2012-07-10,153
2012-07-11,133
2012-07-12,132
2012-07-13,160
2012-07-14,155
2012-07-15,130
2012-07-16,130
2012-07-17,132
2012-07-18,136
2012-07-19,127
2012-07-20,161
2012-07-21,145
2012-07-22,139
2012-07-23,157
2012-07-24,129
2012-07-25,124
2012-07-26,142
2012-07-27,153
2012-07-28,172
2012-07-29,147
2012-07-30,144
2012-07-31,166
2012-08-01,171
2012-08-02,149
2012-08-03,151
2012-08-04,134
2012-08-05,182
2012-08-06,152
2012-08-07,138
2012-08-08,155
2012-08-09,149
2012-08-10,153
2012-08-11,151
2012-08-12,164
2012-08-13,133
2012-08-14,129
2012-08-15,150
2012-08-16,181
2012-08-17,158
2012-08-18,139
2012-08-19,132
2012-08-20,140
2012-08-21,130
2012-08-22,115
2012-08-23,144
2012-08-24,138
2012-08-25,164
2012-08-26,104
2012-08-27,134
2012-08-28,122
2012-08-29,152
2012-08-30,139
2012-08-31,161
2012-09-01,168
2012-09-02,134
2012-09-03,133
2012-09-04,152
2012-09-05,133
2012-09-06,129
2012-09-07,119
2012-09-08,143
2012-09-09,121
2012-09-10,124
2012-09-11,117
2012-09-12,123
2012-09-13,128
2012-09-14,166
2012-09-15,151
2012-09-16,115
2012-09-17,122
2012-09-18,148
2012-09-19,150
2012-09-20,126
2012-09-21,150
2012-09-22,167
2012-09-23,130
2012-09-24,136
2012-09-25,164
2012-09-26,138
2012-09-27,146
2012-09-28,181
2012-09-29,157
2012-09-30,136
2012-10-01,143
2012-10-02,145
2012-10-03,157
2012-10-04,134
2012-10-05,132
2012-10-06,122
2012-10-07,135
2012-10-08,135
2012-10-09,159
2012-10-10,159
2012-10-11,123
2012-10-12,153
2012-10-13,114
2012-10-14,147
2012-10-15,149
2012-10-16,134
2012-10-17,120
2012-10-18,154
2012-10-19,135
2012-10-20,144
2012-10-21,117
2012-10-22,128
2012-10-23,123
2012-10-24,159
2012-10-25,136
2012-10-26,175
2012-10-27,144
2012-10-28,135
2012-10-29,80
2012-10-30,76
2012-10-31,157
2012-11-01,152
2012-11-02,127
2012-11-03,123
2012-11-04,171
2012-11-05,115
2012-11-06,112
2012-11-07,104
2012-11-08,126
2012-11-09,166
2012-11-10,159
2012-11-11,141
2012-11-12,146
2012-11-13,114
2012-11-14,110
2012-11-15,109
2012-11-16,131
2012-11-17,137
2012-11-18,112
2012-11-19,129
2012-11-20,141
2012-11-21,148
2012-11-22,78
2012-11-23,122
2012-11-24,106
2012-11-25,128
2012-11-26,146
2012-11-27,125
2012-11-28,131
2012-11-29,140
2012-11-30,154
2012-12-01,166
2012-12-02,106
2012-12-03,146
2012-12-04,142
2012-12-05,132
2012-12-06,120
2012-12-07,142
2012-12-08,124
2012-12-09,120
2012-12-10,140
2012-12-11,126
2012-12-12,145
2012-12-13,120
2012-12-14,152
2012-12-15,152
2012-12-16,97
2012-12-17,119
2012-12-18,114
2012-12-19,127
2012-12-20,145
2012-12-21,136
2012-12-22,109
2012-12-23,105
2012-12-24,107
2012-12-25,87
2012-12-26,96
2012-12-27,106
2012-12-28,140
2012-12-29,118
2012-12-30,116
2012-12-31,125
2013-01-01,157
2013-01-02,107
2013-01-03,112
2013-01-04,152
2013-01-05,121
2013-01-06,113
2013-01-07,124
2013-01-08,121
2013-01-09,123
2013-01-10,138
2013-01-11,150
2013-01-12,118
2013-01-13,133
2013-01-14,129
2013-01-15,143
2013-01-16,121
2013-01-17,123
2013-01-18,131
2013-01-19,105
2013-01-20,129
2013-01-21,114
2013-01-22,105
2013-01-23,108
2013-01-24,96
2013-01-25,116
2013-01-26,113
2013-01-27,135
2013-01-28,141
2013-01-29,97
2013-01-30,119
2013-01-31,115
2013-02-01,140
2013-02-02,88
2013-02-03,99
2013-02-04,118
2013-02-05,146
2013-02-06,110
2013-02-07,115
2013-02-08,124
2013-02-09,103
2013-02-10,82
2013-02-11,118
2013-02-12,130
2013-02-13,122
2013-02-14,137
2013-02-15,113
2013-02-16,102
2013-02-17,98
2013-02-18,100
2013-02-19,107
2013-02-20,123
2013-02-21,108
2013-02-22,116
2013-02-23,129
2013-02-24,110
2013-02-25,111
2013-02-26,120
2013-02-27,111
2013-02-28,120
2013-03-01,131
2013-03-02,101
2013-03-03,111
2013-03-04,104
2013-03-05,124
2013-03-06,94
2013-03-07,112
2013-03-08,143
2013-03-09,122
2013-03-10,110
2013-03-11,129
2013-03-12,106
2013-03-13,127
2013-03-14,154
2013-03-15,133
2013-03-16,130
2013-03-17,90
2013-03-18,110
2013-03-19,125
2013-03-20,126
2013-03-21,133
2013-03-22,135
2013-03-23,111
2013-03-24,108
2013-03-25,99
2013-03-26,101
2013-03-27,130
2013-03-28,127
2013-03-29,97
2013-03-30,120
2013-03-31,92
2013-04-01,147
2013-04-02,115
2013-04-03,107
2013-04-04,113
2013-04-05,151
2013-04-06,113
2013-04-07,103
2013-04-08,144
2013-04-09,131
2013-04-10,148
2013-04-11,125
2013-04-12,149
2013-04-13,131
2013-04-14,144
2013-04-15,138
2013-04-16,145
2013-04-17,126
2013-04-18,137
2013-04-19,151
2013-04-20,134
2013-04-21,108
2013-04-22,135
2013-04-23,131
2013-04-24,132
2013-04-25,156
2013-04-26,141
2013-04-27,131
2013-04-28,135
2013-04-29,138
2013-04-30,128
2013-05-01,169
2013-05-02,120
2013-05-03,142
2013-05-04,96
2013-05-05,115
2013-05-06,156
2013-05-07,111
2013-05-08,169
2013-05-09,158
2013-05-10,153
2013-05-11,118
2013-05-12,121
2013-05-13,145
2013-05-14,120
2013-05-15,141
2013-05-16,167
2013-05-17,161
2013-05-18,167
2013-05-19,126
2013-05-20,145
2013-05-21,152
2013-05-22,164
2013-05-23,154
2013-05-24,157
2013-05-25,147
2013-05-26,141
2013-05-27,135
2013-05-28,167
2013-05-29,148
2013-05-30,126
2013-05-31,158
2013-06-01,144
2013-06-02,146
2013-06-03,156
2013-06-04,150
2013-06-05,136
2013-06-06,161
2013-06-07,127
2013-06-08,158
2013-06-09,127
2013-06-10,130
2013-06-11,155
2013-06-12,145
2013-06-13,126
2013-06-14,151
2013-06-15,170
2013-06-16,137
2013-06-17,157
2013-06-18,134
2013-06-19,144
2013-06-20,137
2013-06-21,159
2013-06-22,192
2013-06-23,133
2013-06-24,162
2013-06-25,159
2013-06-26,151
2013-06-27,167
2013-06-28,141
2013-06-29,123
2013-06-30,137
2013-07-01,142
2013-07-02,110
2013-07-03,127
2013-07-04,134
2013-07-05,132
2013-07-06,137
2013-07-07,140
2013-07-08,137
2013-07-09,130
2013-07-10,166
2013-07-11,148
2013-07-12,128
2013-07-13,145
2013-07-14,113
2013-07-15,154
2013-07-16,135
2013-07-17,133
2013-07-18,147
2013-07-19,162
2013-07-20,176
2013-07-21,166
2013-07-22,167
2013-07-23,181
2013-07-24,166
2013-07-25,150
2013-07-26,150
2013-07-27,127
2013-07-28,134
2013-07-29,145
2013-07-30,162
2013-07-31,133
2013-08-01,170
2013-08-02,157
2013-08-03,143
2013-08-04,159
2013-08-05,150
2013-08-06,143
2013-08-07,147
2013-08-08,153
2013-08-09,120
2013-08-10,143
2013-08-11,136
2013-08-12,145
2013-08-13,149
2013-08-14,185
2013-08-15,136
2013-08-16,160
2013-08-17,162
2013-08-18,145
2013-08-19,152
2013-08-20,154
2013-08-21,167
2013-08-22,132
2013-08-23,169
2013-08-24,152
2013-08-25,126
2013-08-26,144
2013-08-27,135
2013-08-28,161
2013-08-29,135
2013-08-30,141
2013-08-31,150
2013-09-01,144
2013-09-02,160
2013-09-03,122
2013-09-04,149
2013-09-05,148
2013-09-06,167
2013-09-07,136
2013-09-08,139
2013-09-09,141
2013-09-10,124
2013-09-11,126
2013-09-12,140
2013-09-13,147
2013-09-14,136
2013-09-15,146
2013-09-16,135
2013-09-17,155
2013-09-18,117
2013-09-19,121
2013-09-20,152
2013-09-21,130
2013-09-22,128
2013-09-23,147
2013-09-24,136
2013-09-25,172
2013-09-26,149
2013-09-27,143
2013-09-28,139
2013-09-29,138
2013-09-30,135
2013-10-01,158
2013-10-02,135
2013-10-03,147
2013-10-04,151
2013-10-05,141
2013-10-06,148
2013-10-07,144
2013-10-08,129
2013-10-09,135
2013-10-10,127
2013-10-11,148
2013-10-12,125
2013-10-13,140
2013-10-14,158
2013-10-15,153
2013-10-16,180
2013-10-17,171
2013-10-18,160
2013-10-19,154
2013-10-20,132
2013-10-21,161
2013-10-22,171
2013-10-23,152
2013-10-24,144
2013-10-25,176
2013-10-26,145
2013-10-27,113
2013-10-28,154
2013-10-29,161
2013-10-30,125
2013-10-31,168
2013-11-01,170
2013-11-02,135
2013-11-03,101
2013-11-04,127
2013-11-05,137
2013-11-06,151
2013-11-07,150
2013-11-08,156
2013-11-09,147
2013-11-10,156
2013-11-11,124
2013-11-12,147
2013-11-13,154
2013-11-14,131
2013-11-15,152
2013-11-16,114
2013-11-17,119
2013-11-18,133
2013-11-19,143
2013-11-20,113
2013-11-21,146
2013-11-22,139
2013-11-23,123
2013-11-24,89
2013-11-25,139
2013-11-26,117
2013-11-27,120
2013-11-28,100
2013-11-29,112
2013-11-30,117
2013-12-01,165
2013-12-02,122
2013-12-03,154
2013-12-04,135
2013-12-05,155
2013-12-06,143
2013-12-07,119
2013-12-08,87
2013-12-09,111
2013-12-10,89
2013-12-11,126
2013-12-12,127
2013-12-13,133
2013-12-14,120
2013-12-15,125
2013-12-16,142
2013-12-17,140
2013-12-18,127
2013-12-19,143
2013-12-20,192
2013-12-21,173
2013-12-22,156
2013-12-23,150
2013-12-24,114
2013-12-25,151
2013-12-26,105
2013-12-27,115
2013-12-28,143
2013-12-29,148
2013-12-30,121
2013-12-31,128
