date,rides,temperature,weather
1/1/2014,95,19.48315789,rain or snow
1/2/2014,111,16.83333333,rain or snow
1/3/2014,6,-5.633333333,clear
1/4/2014,181,30.00773481,rain or snow
1/5/2014,32,16.75625,rain or snow
1/6/2014,1,-15,cloudy
1/9/2014,831,18.01203369,cloudy
1/10/2014,789,33.70063371,cloudy
1/11/2014,752,34.18710106,cloudy
1/12/2014,851,37.74735605,cloudy
1/13/2014,2473,38.483704,cloudy
1/14/2014,2063,29.24600097,cloudy
1/15/2014,1647,16.58318154,cloudy
1/16/2014,1627,29.38414259,cloudy
1/17/2014,1303,14.93092863,cloudy
1/18/2014,370,16.11081081,rain or snow
1/19/2014,490,30.23183673,cloudy
1/20/2014,1124,28.67855872,cloudy
1/21/2014,849,5.397290931,cloudy
1/22/2014,903,9.048837209,rain or snow
1/23/2014,897,3.245930881,cloudy
1/24/2014,867,16.58754325,cloudy
1/25/2014,397,15.20503778,cloudy
1/26/2014,305,25.57540984,cloudy
1/27/2014,377,-3.786472149,cloudy
1/28/2014,436,-0.486697248,clear
1/29/2014,1033,15.99206196,clear
1/30/2014,1312,28.16585366,cloudy
1/31/2014,1495,20.81505017,cloudy
2/1/2014,217,27.19585253,rain or snow
2/2/2014,360,15.42583333,cloudy
2/3/2014,1173,12.4745098,cloudy
2/4/2014,1165,20.52274678,cloudy
2/5/2014,498,18.7935743,rain or snow
2/6/2014,715,2.268671329,cloudy
2/7/2014,719,6.569401947,cloudy
2/8/2014,290,13.55517241,rain or snow
2/9/2014,315,14.25555556,cloudy
2/10/2014,862,5.000580046,clear
2/11/2014,1027,5.671957157,clear
2/12/2014,1240,17.86346774,cloudy
2/13/2014,1338,25.40493274,cloudy
2/14/2014,1285,16.53354086,cloudy
2/15/2014,643,19.57356143,cloudy
2/16/2014,443,24.5,cloudy
2/17/2014,454,23.9938326,rain or snow
2/18/2014,1328,38.88260542,cloudy
2/19/2014,1997,37.63985979,cloudy
2/20/2014,969,38.20567595,cloudy
2/21/2014,1310,30.44145038,cloudy
2/22/2014,917,29.58953108,cloudy
2/23/2014,668,23.03622754,cloudy
2/24/2014,1478,19.69079838,cloudy
2/25/2014,1449,15.73678399,cloudy
2/26/2014,1093,9.778591034,cloudy
2/27/2014,877,7.872976055,cloudy
2/28/2014,1391,22.17548526,cloudy
3/1/2014,538,19.69089219,cloudy
3/2/2014,318,8.91509434,cloudy
3/3/2014,905,12.08530387,cloudy
3/4/2014,1437,21.17654836,cloudy
3/5/2014,864,20.55069444,cloudy
3/6/2014,1500,25.19686667,cloudy
3/7/2014,2183,38.34754924,cloudy
3/8/2014,733,27.40286494,cloudy
3/9/2014,925,35.43751351,cloudy
3/10/2014,3313,47.52686387,cloudy
3/11/2014,2775,42.49935135,cloudy
3/12/2014,912,25.42072368,cloudy
3/13/2014,1651,29.04203513,cloudy
3/14/2014,2951,45.7737716,cloudy
3/15/2014,1266,35.70466035,cloudy
3/16/2014,629,22.38267091,cloudy
3/17/2014,2112,32.57703598,cloudy
3/18/2014,3182,43.92743558,cloudy
3/19/2014,1756,39.24185649,cloudy
3/20/2014,2716,39.92271723,cloudy
3/21/2014,3326,48.08478653,cloudy
3/22/2014,1472,38.13125,cloudy
3/23/2014,776,27.49162371,cloudy
3/24/2014,2195,29.63312073,cloudy
3/25/2014,1972,26.05578093,cloudy
3/26/2014,2342,32.10905209,cloudy
3/27/2014,1791,42.59849246,rain or snow
3/28/2014,2214,38.1936766,cloudy
3/29/2014,1400,36.62335714,cloudy
3/30/2014,2141,49.33446987,cloudy
3/31/2014,3725,60.11624161,cloudy
4/1/2014,3273,41.62606172,cloudy
4/2/2014,3199,38.64026258,cloudy
4/3/2014,1605,36.84168224,cloudy
4/4/2014,2328,40.13174399,cloudy
4/5/2014,2136,45.08595506,cloudy
4/6/2014,2132,51.12917448,cloudy
4/7/2014,3643,47.84359045,cloudy
4/8/2014,4146,51.11910275,cloudy
4/9/2014,5028,55.29049324,cloudy
4/10/2014,4776,59.60466918,cloudy
4/11/2014,5437,61.8695972,cloudy
4/12/2014,3761,72.08340867,cloudy
4/13/2014,1594,57.60244668,cloudy
4/14/2014,1575,37.27339683,rain or snow
4/15/2014,2249,33.87638951,cloudy
4/16/2014,3685,45.8656445,cloudy
4/17/2014,4471,54.95159919,cloudy
4/18/2014,3791,46.34494856,cloudy
4/19/2014,2798,57.1850965,cloudy
4/20/2014,2914,71.51283459,cloudy
4/21/2014,4510,66.82742794,cloudy
4/22/2014,4846,49.05747008,cloudy
4/23/2014,4581,44.29288365,cloudy
4/24/2014,4685,57.00663821,cloudy
4/25/2014,5608,61.56661912,cloudy
4/26/2014,2845,46.38460457,cloudy
4/27/2014,2274,54.25351803,cloudy
4/28/2014,2408,51.49700997,cloudy
4/29/2014,4512,53.4345523,cloudy
4/30/2014,4618,48.38601126,cloudy
5/1/2014,2993,46.1701303,rain or snow
5/2/2014,4486,50.07463219,cloudy
5/3/2014,3847,62.07143228,cloudy
5/4/2014,2463,52.56776289,cloudy
5/5/2014,4565,49.24633078,cloudy
5/6/2014,4931,56.13037923,cloudy
5/7/2014,5852,60.29386535,cloudy
5/8/2014,6916,81.01137941,cloudy
5/9/2014,4885,67.49684749,cloudy
5/10/2014,4861,69.62849208,cloudy
5/11/2014,2981,74.4446159,cloudy
5/12/2014,5781,78.16355302,cloudy
5/13/2014,5281,59.78428328,cloudy
5/14/2014,5253,52.94738245,cloudy
5/15/2014,3521,47.85134905,cloudy
5/16/2014,3300,42.82451515,cloudy
5/17/2014,3734,54.7493037,cloudy
5/18/2014,4443,64.25100158,cloudy
5/19/2014,4872,65.35732759,cloudy
5/20/2014,7125,77.13188772,cloudy
5/21/2014,7830,78.76001277,cloudy
5/22/2014,7294,63.40030162,cloudy
5/23/2014,6827,61.62758166,cloudy
5/24/2014,3841,66.7261911,cloudy
5/25/2014,4222,76.35298437,cloudy
5/26/2014,3850,80.64846753,cloudy
5/27/2014,6007,75.54281671,cloudy
5/28/2014,6719,61.81934812,cloudy
5/29/2014,7467,67.29701353,cloudy
5/30/2014,7811,71.72779414,cloudy
5/31/2014,5999,80.23260543,cloudy
6/1/2014,4896,82.25651552,cloudy
6/2/2014,7019,78.17060835,cloudy
6/3/2014,8230,75.71117861,cloudy
6/4/2014,5013,62.72625175,cloudy
6/5/2014,8363,69.03075451,cloudy
6/6/2014,8648,73.67520814,cloudy
6/7/2014,6167,77.54657046,cloudy
6/8/2014,4746,67.55638432,cloudy
6/9/2014,7116,66.52837268,cloudy
6/10/2014,4101,59.52962692,rain or snow
6/11/2014,6353,62.7334645,cloudy
6/12/2014,7061,72.97306331,cloudy
6/13/2014,8644,67.35389866,cloudy
6/14/2014,6828,73.07111892,cloudy
6/15/2014,4716,79.26407973,cloudy
6/16/2014,8548,82.44434956,cloudy
6/17/2014,8338,84.27909571,cloudy
6/18/2014,6367,75.97383383,cloudy
6/19/2014,7791,69.87026056,cloudy
6/20/2014,8354,75.65900168,cloudy
6/21/2014,5068,75.2090371,cloudy
6/22/2014,5614,74.80537941,cloudy
6/23/2014,6642,76.52271906,cloudy
6/24/2014,7360,77.16254076,cloudy
6/25/2014,8447,65.38283414,cloudy
6/26/2014,8415,66.72963755,cloudy
6/27/2014,8795,79.6844116,cloudy
6/28/2014,5222,81.44067407,cloudy
6/29/2014,5912,80.87723275,cloudy
6/30/2014,6410,80.07689548,cloudy
7/1/2014,9373,75.78944842,cloudy
7/2/2014,7365,62.93610319,cloudy
7/3/2014,8505,68.70065844,cloudy
7/4/2014,4816,72.95525332,cloudy
7/5/2014,4428,73.44570912,cloudy
7/6/2014,4702,80.55625266,cloudy
7/7/2014,8192,81.77956543,cloudy
7/8/2014,8565,75.79552831,cloudy
7/9/2014,9446,73.80521914,cloudy
7/10/2014,9625,72.82435325,cloudy
7/11/2014,8188,73.90918417,cloudy
7/12/2014,3389,77.17816465,cloudy
7/13/2014,5163,79.16157273,cloudy
7/14/2014,7789,72.27591475,cloudy
7/15/2014,8983,62.78166537,cloudy
7/16/2014,9579,67.14981731,cloudy
7/17/2014,9838,70.42142712,cloudy
7/18/2014,9747,73.33143531,cloudy
7/19/2014,7065,75.30816702,cloudy
7/20/2014,6153,77.23850154,cloudy
7/21/2014,9291,79.56114519,clear
7/22/2014,9010,84.06395117,cloudy
7/23/2014,9137,67.71874795,cloudy
7/24/2014,9756,69.21776343,cloudy
7/25/2014,8667,70.04924426,cloudy
7/26/2014,5027,78.75613686,cloudy
7/27/2014,5869,79.32804566,cloudy
7/28/2014,8941,66.81188905,cloudy
7/29/2014,9471,73.27501848,cloudy
7/30/2014,9784,70.95964841,cloudy
7/31/2014,9533,76.87381727,cloudy
8/1/2014,8637,74.52152368,cloudy
8/2/2014,6654,77.91471295,cloudy
8/3/2014,4000,80.648675,cloudy
8/4/2014,7785,74.38592164,cloudy
8/5/2014,9141,73.41113664,cloudy
8/6/2014,8119,72.94703781,cloudy
8/7/2014,9275,74.94643666,cloudy
8/8/2014,9015,76.78660011,cloudy
8/9/2014,6624,75.68532609,cloudy
8/10/2014,5609,76.10360135,cloudy
8/11/2014,7020,75.63621083,cloudy
8/12/2014,7571,65.56936996,cloudy
8/13/2014,7595,73.5962212,cloudy
8/14/2014,9311,66.96475137,cloudy
8/15/2014,9051,71.1070158,cloudy
8/16/2014,6221,76.17661148,cloudy
8/17/2014,4701,68.17808977,cloudy
8/18/2014,9023,75.3623961,cloudy
8/19/2014,7698,79.39221876,cloudy
8/20/2014,9356,79.18023728,cloudy
8/21/2014,4495,75.35423804,cloudy
8/22/2014,7906,80.89475082,cloudy
8/23/2014,4686,77.35381989,cloudy
8/24/2014,5793,82.51885034,cloudy
8/25/2014,7322,79.36716744,cloudy
8/26/2014,9025,78.64028809,cloudy
8/27/2014,9481,73.36718701,cloudy
8/28/2014,9208,71.7906603,cloudy
8/29/2014,8121,80.3386775,cloudy
8/30/2014,4628,78.46877701,cloudy
8/31/2014,4721,79.99112476,cloudy
9/1/2014,4390,78.44120729,cloudy
9/2/2014,8635,75.5172901,cloudy
9/3/2014,9228,76.74994582,cloudy
9/4/2014,7910,79.45116308,cloudy
9/5/2014,6599,76.91307774,cloudy
9/6/2014,5640,69.43601064,clear
9/7/2014,5630,73.12492007,cloudy
9/8/2014,8306,71.09370335,cloudy
9/9/2014,8259,73.29526577,cloudy
9/10/2014,5154,71.7410943,cloudy
9/11/2014,7644,51.14449241,cloudy
9/12/2014,4591,49.85911566,rain or snow
9/13/2014,4887,52.07597708,cloudy
9/14/2014,4997,59.76631979,cloudy
9/15/2014,7436,57.92786444,cloudy
9/16/2014,8260,60.53417676,clear
9/17/2014,8660,63.17274827,cloudy
9/18/2014,8321,62.31356808,cloudy
9/19/2014,8482,68.62655034,cloudy
9/20/2014,4660,72.12087983,cloudy
9/21/2014,4190,63.29331742,cloudy
9/22/2014,7902,58.99207795,clear
9/23/2014,8732,64.51511681,cloudy
9/24/2014,8824,68.71222801,cloudy
9/25/2014,8504,67.85124647,cloudy
9/26/2014,8342,68.98470391,cloudy
9/27/2014,5702,70.78212908,cloudy
9/28/2014,5299,70.49613135,cloudy
9/29/2014,8028,68.5711136,cloudy
9/30/2014,7320,52.09897541,cloudy
10/1/2014,8768,58.41950274,cloudy
10/2/2014,7487,68.25286497,cloudy
10/3/2014,4970,51.94979879,cloudy
10/4/2014,2392,42.28520067,cloudy
10/5/2014,3492,50.75057274,cloudy
10/6/2014,7207,52.83830998,cloudy
10/7/2014,8166,58.49212589,cloudy
10/8/2014,8309,57.23693585,cloudy
10/9/2014,7706,53.4732027,cloudy
10/10/2014,7220,50.88594183,cloudy
10/11/2014,4550,52.85356044,cloudy
10/12/2014,4208,56.57238593,cloudy
10/13/2014,4707,61.81077119,cloudy
10/14/2014,2545,60.23905697,rain or snow
10/15/2014,5772,52.88724879,cloudy
10/16/2014,6816,53.2570716,cloudy
10/17/2014,6721,54.97159649,cloudy
10/18/2014,2908,46.03727648,cloudy
10/19/2014,3881,50.28085545,cloudy
10/20/2014,7180,54.60321727,cloudy
10/21/2014,7075,48.11655124,cloudy
10/22/2014,7362,47.58001902,cloudy
10/23/2014,7242,51.2884148,cloudy
10/25/2014,5369,65.5821382,cloudy
10/26/2014,4039,57.24639762,cloudy
10/27/2014,7814,68.21539544,cloudy
10/28/2014,7362,53.67431405,cloudy
10/29/2014,6741,45.19280522,cloudy
10/30/2014,6690,44.9480568,cloudy
10/31/2014,3680,37.46399457,cloudy
11/1/2014,2625,38.86601905,cloudy
11/2/2014,2922,46.45742642,cloudy
11/3/2014,6649,56.31574673,cloudy
11/4/2014,6394,49.50924304,cloudy
11/5/2014,7029,52.06524399,cloudy
11/6/2014,5474,41.12480818,cloudy
11/7/2014,5507,39.13773379,cloudy
11/8/2014,2861,43.82233485,cloudy
11/9/2014,2674,46.58649963,cloudy
11/10/2014,6379,53.91940743,cloudy
11/11/2014,4537,38.99810447,cloudy
11/12/2014,4423,27.34734343,cloudy
11/13/2014,3735,26.42286479,cloudy
11/14/2014,3821,25.810704,cloudy
11/15/2014,1834,27.70081788,cloudy
11/16/2014,1459,28.43056888,rain or snow
11/17/2014,2941,14.06259776,rain or snow
11/18/2014,2669,14.52562758,cloudy
11/19/2014,3423,25.2055799,cloudy
11/20/2014,3276,21.37948718,cloudy
11/21/2014,3500,25.25428571,cloudy
11/22/2014,2075,46.0046747,cloudy
11/23/2014,1342,50.33010432,cloudy
11/24/2014,1932,33.4568323,rain or snow
11/25/2014,3040,21.69473684,cloudy
11/26/2014,2484,25.83880837,cloudy
11/27/2014,551,23.30290381,cloudy
11/28/2014,1089,28.38833792,cloudy
11/29/2014,1605,47.7128972,cloudy
11/30/2014,1511,39.36174719,cloudy
12/1/2014,2942,18.95475867,cloudy
12/2/2014,3673,29.11625374,cloudy
12/3/2014,3809,29.92410081,cloudy
12/4/2014,3898,31.23227296,cloudy
12/5/2014,3937,35.65844552,cloudy
12/6/2014,2009,35.01632653,cloudy
12/7/2014,1648,33.57427184,cloudy
12/8/2014,2342,35.06998292,rain or snow
12/9/2014,2859,34.50237845,cloudy
12/10/2014,3362,31.04342653,cloudy
12/11/2014,3603,27.18351374,clear
12/12/2014,3452,32.45081112,cloudy
12/13/2014,2240,44.04566964,cloudy
12/14/2014,2350,47.96412766,cloudy
12/15/2014,3083,44.54807006,rain or snow
12/16/2014,3488,38.55384174,cloudy
12/17/2014,3321,25.32959952,cloudy
12/18/2014,3251,25.49375577,cloudy
12/19/2014,3383,29.54212238,cloudy
12/20/2014,1661,31.46146899,cloudy
12/21/2014,1336,34.79835329,cloudy
12/22/2014,1943,35.38239835,rain or snow
12/23/2014,3148,44.16940915,cloudy
12/24/2014,1075,38.31730233,cloudy
12/25/2014,433,38.62840647,cloudy
12/26/2014,1582,44.97503161,cloudy
12/27/2014,973,38.35673176,cloudy
12/28/2014,913,29.72168675,cloudy
12/29/2014,2385,25.91287212,cloudy
12/30/2014,1978,14.15485339,cloudy
12/31/2014,1318,12.69969651,cloudy
1/1/2015,712,25.51235955,cloudy
1/2/2015,2125,28.38945882,cloudy
1/3/2015,622,33.09324759,rain or snow
1/4/2015,370,21.32783784,rain or snow
1/5/2015,1182,1.461844332,cloudy
1/6/2015,921,6.280238871,cloudy
1/7/2015,726,-0.617217631,cloudy
1/8/2015,593,2.91989882,cloudy
1/9/2015,831,3.274488568,cloudy
1/10/2015,547,14.24917733,cloudy
1/11/2015,729,29.6600823,cloudy
1/12/2015,1287,17.88329448,cloudy
1/13/2015,1620,15.16308642,cloudy
1/14/2015,1734,13.78915802,cloudy
1/15/2015,2231,27.20394442,cloudy
1/16/2015,2630,29.56847909,cloudy
1/17/2015,1603,39.78908297,cloudy
1/18/2015,1419,36.09196617,cloudy
1/19/2015,2294,34.29507411,cloudy
1/20/2015,3144,33.23791349,cloudy
1/21/2015,3157,30.89471017,cloudy
1/22/2015,3317,30.4245101,cloudy
1/23/2015,3138,29.43862333,cloudy
1/24/2015,2080,36.27365385,cloudy
1/25/2015,616,28.11428571,cloudy
1/26/2015,2304,22.98194444,rain or snow
1/27/2015,2580,27.02782946,cloudy
1/28/2015,3014,28.91108162,cloudy
1/29/2015,2985,33.86495812,cloudy
1/30/2015,2863,24.05403423,cloudy
1/31/2015,1634,33.35930233,cloudy
2/1/2015,133,26.34210526,rain or snow
2/2/2015,466,10.93197425,cloudy
2/3/2015,769,20.42782835,cloudy
2/4/2015,934,16.26027837,cloudy
2/5/2015,952,8.074789916,cloudy
2/6/2015,1418,22.95768688,cloudy
2/7/2015,1196,37.97667224,cloudy
2/8/2015,826,33.05617433,cloudy
2/9/2015,1681,24.14414039,cloudy
2/10/2015,2354,26.80369584,cloudy
2/11/2015,2544,30.45129717,cloudy
2/12/2015,1637,10.9946854,cloudy
2/13/2015,1726,16.69478563,cloudy
2/14/2015,558,10.03655914,cloudy
2/15/2015,228,10.10570175,rain or snow
2/16/2015,1208,14.3656457,cloudy
2/17/2015,1839,16.02137031,cloudy
2/18/2015,1368,3.793494152,cloudy
2/19/2015,893,-0.631578947,cloudy
2/20/2015,1348,11.3485905,cloudy
2/21/2015,1040,27.66634615,cloudy
2/22/2015,751,15.59201065,cloudy
2/23/2015,1364,5.083431085,cloudy
2/24/2015,1796,21.42995546,cloudy
2/25/2015,1599,19.16935585,cloudy
2/26/2015,912,12.13541667,cloudy
2/27/2015,1256,8.276990446,clear
2/28/2015,779,15.92747112,cloudy
3/1/2015,668,21.10239521,cloudy
3/2/2015,2045,25.0009291,cloudy
3/3/2015,1557,31.69563263,cloudy
3/4/2015,2086,17.67430489,cloudy
3/5/2015,1768,11.27856335,clear
3/6/2015,1883,20.38082847,cloudy
3/7/2015,1780,40.08573034,clear
3/8/2015,1342,37.23591654,cloudy
3/9/2015,3795,41.53528327,cloudy
3/10/2015,4299,43.64610375,cloudy
3/11/2015,4291,44.47457469,clear
3/12/2015,4487,46.274883,cloudy
3/13/2015,4918,53.78106954,cloudy
3/14/2015,3175,52.87700787,cloudy
3/15/2015,2818,55.48094393,cloudy
3/16/2015,5446,63.25055086,cloudy
3/17/2015,3487,38.99283051,cloudy
3/18/2015,3900,40.744,cloudy
3/19/2015,3879,42.25039959,cloudy
3/20/2015,4035,45.16339529,cloudy
3/21/2015,2370,42.83219409,cloudy
3/22/2015,1383,31.4845987,cloudy
3/23/2015,920,29.37282609,cloudy
3/24/2015,2051,32.67362262,cloudy
3/25/2015,2800,38.31732143,cloudy
3/26/2015,3192,36.41112155,cloudy
3/27/2015,2040,26.25044118,cloudy
3/28/2015,1499,31.39246164,clear
3/29/2015,1070,38.78476636,cloudy
3/30/2015,3623,51.13364615,cloudy
3/31/2015,3703,48.78987308,cloudy
4/1/2015,4844,61.69192816,cloudy
4/2/2015,3539,58.9357163,cloudy
4/3/2015,3305,44.52468986,cloudy
4/4/2015,2420,51.31206612,cloudy
4/5/2015,2290,57.78567686,cloudy
4/6/2015,3847,47.84447622,cloudy
4/7/2015,2884,41.88294036,cloudy
4/8/2015,3326,42.36903187,cloudy
4/9/2015,2414,64.03227009,cloudy
4/10/2015,3692,48.74542254,cloudy
4/11/2015,4110,56.97798054,clear
4/12/2015,3847,62.75211853,cloudy
4/13/2015,5459,60.97413446,cloudy
4/14/2015,6717,59.1815096,cloudy
4/15/2015,6301,56.29798445,cloudy
4/16/2015,5254,55.18435478,cloudy
4/17/2015,7004,69.52075957,cloudy
4/18/2015,4095,55.34312576,cloudy
4/19/2015,2399,61.84793664,cloudy
4/20/2015,4151,46.78344977,cloudy
4/21/2015,4876,45.12752256,cloudy
4/22/2015,4398,40.88929059,cloudy
4/23/2015,5458,46.34443019,clear
4/24/2015,5021,49.01641107,cloudy
4/25/2015,1684,43.99245843,cloudy
4/26/2015,3084,50.91274319,cloudy
4/27/2015,5917,48.88933581,cloudy
4/28/2015,6551,50.27807968,cloudy
4/29/2015,6638,52.61724917,cloudy
4/30/2015,5981,46.63044641,cloudy
5/1/2015,6879,58.78084024,cloudy
5/2/2015,5698,70.77263952,cloudy
5/3/2015,4187,72.08738954,cloudy
5/4/2015,6675,63.96435955,cloudy
5/5/2015,4663,49.69380227,cloudy
5/6/2015,7118,62.26489182,not clear
5/7/2015,8570,76.09731622,cloudy
5/8/2015,5695,72.2771554,cloudy
5/9/2015,3407,54.19415908,cloudy
5/10/2015,2118,49.75254958,cloudy
5/11/2015,5343,62.58725435,cloudy
5/12/2015,6501,51.22907245,cloudy
5/13/2015,6933,48.25211308,cloudy
5/14/2015,6839,59.38125457,cloudy
5/15/2015,7894,69.27585508,cloudy
5/16/2015,5993,73.07236776,cloudy
5/17/2015,5357,76.80688818,cloudy
5/18/2015,8696,67.49768859,cloudy
5/19/2015,7177,48.32126237,cloudy
5/20/2015,5591,44.68259703,cloudy
5/21/2015,8699,60.4036441,cloudy
5/22/2015,8132,59.29715937,cloudy
5/23/2015,6026,73.40441421,cloudy
5/24/2015,3328,67.93617788,cloudy
5/25/2015,4772,73.97013831,cloudy
5/26/2015,7395,70.08885734,cloudy
5/27/2015,9548,69.43424801,cloudy
5/28/2015,9925,75.10515869,cloudy
5/29/2015,8745,76.35825043,cloudy
5/30/2015,1713,57.14699358,rain or snow
5/31/2015,3175,51.38762205,cloudy
6/1/2015,7809,53.79697785,cloudy
6/2/2015,9551,62.71416606,cloudy
6/3/2015,10368,68.95221836,cloudy
6/4/2015,10272,74.54215343,cloudy
6/5/2015,8469,59.87092927,cloudy
6/6/2015,7482,65.53374766,cloudy
6/7/2015,4594,73.63313017,cloudy
6/8/2015,7921,73.59117536,cloudy
6/9/2015,11243,77.49626434,cloudy
6/10/2015,10882,79.31945414,cloudy
6/11/2015,9839,66.63539994,cloudy
6/12/2015,5904,60.33885501,cloudy
6/13/2015,7173,77.04185139,cloudy
6/14/2015,5793,78.61272225,cloudy
6/15/2015,5204,74.38168716,rain or snow
6/16/2015,11046,66.90558573,cloudy
6/17/2015,8674,66.55740143,cloudy
6/18/2015,9891,71.74129006,cloudy
6/19/2015,10013,61.19957056,cloudy
6/20/2015,6596,71.52722862,cloudy
6/21/2015,7060,79.85172805,cloudy
6/22/2015,8884,78.52079018,cloudy
6/23/2015,11918,74.63515691,cloudy
6/24/2015,10910,72.35208066,cloudy
6/25/2015,9481,69.73357241,cloudy
6/26/2015,6417,62.71136045,cloudy
6/27/2015,8647,70.1166763,cloudy
6/28/2015,7453,73.51808668,cloudy
6/29/2015,8974,68.83526855,cloudy
6/30/2015,11259,67.53770317,cloudy
7/1/2015,10891,60.38313286,cloudy
7/2/2015,10251,62.4427568,cloudy
7/3/2015,7613,71.16607119,cloudy
7/4/2015,6085,75.35002465,cloudy
7/5/2015,6527,78.42365558,cloudy
7/6/2015,9364,77.45152713,cloudy
7/7/2015,8845,62.5728208,cloudy
7/8/2015,10289,61.99156381,cloudy
7/9/2015,10563,68.11332008,cloudy
7/10/2015,11237,74.02112664,cloudy
7/11/2015,7470,73.97219545,cloudy
7/12/2015,8479,78.25645713,cloudy
7/13/2015,8594,80.20410752,cloudy
7/14/2015,11292,72.83405951,cloudy
7/15/2015,11750,67.52628936,cloudy
7/16/2015,8187,69.08451203,cloudy
7/17/2015,10790,82.93341983,cloudy
7/18/2015,7590,80.48279315,cloudy
7/19/2015,8273,80.69062009,cloudy
7/20/2015,11026,78.3670234,cloudy
7/21/2015,12446,75.63225936,cloudy
7/22/2015,12434,75.96170983,cloudy
7/23/2015,12305,78.61586347,cloudy
7/24/2015,11809,79.39406385,cloudy
7/25/2015,8831,82.5700034,cloudy
7/26/2015,7701,77.78627451,cloudy
7/27/2015,11503,80.95695905,cloudy
7/28/2015,12119,84.07434607,cloudy
7/29/2015,12400,80.8413871,cloudy
7/30/2015,12752,81.11793444,clear
7/31/2015,12216,80.14295187,cloudy
8/1/2015,8987,80.92217648,cloudy
8/2/2015,7301,85.29082317,cloudy
8/3/2015,11804,76.30803965,cloudy
8/4/2015,12828,75.43620985,cloudy
8/5/2015,12976,75.69789612,cloudy
8/6/2015,12649,75.84461222,cloudy
8/7/2015,12092,76.99327655,cloudy
8/8/2015,8889,76.17952526,cloudy
8/9/2015,6997,74.95269401,cloudy
8/10/2015,10572,75.01374385,cloudy
8/11/2015,12731,74.11968424,cloudy
8/12/2015,12583,74.29651117,cloudy
8/13/2015,12293,77.92765802,cloudy
8/14/2015,11011,81.55133957,cloudy
8/15/2015,8316,81.0532227,cloudy
8/16/2015,8005,84.0443223,cloudy
8/17/2015,10493,78.66131707,cloudy
8/18/2015,10007,76.51578895,cloudy
8/19/2015,12244,70.24626756,cloudy
8/20/2015,12025,67.12064865,cloudy
8/21/2015,12038,75.03565376,cloudy
8/22/2015,9256,76.45943172,cloudy
8/23/2015,7480,72.13541444,cloudy
8/24/2015,11340,66.19946208,cloudy
8/25/2015,11572,64.28493778,cloudy
8/26/2015,11564,63.16359391,cloudy
8/27/2015,11805,66.7885557,cloudy
8/28/2015,11220,69.47391266,cloudy
8/29/2015,4719,67.59188387,rain or snow
8/30/2015,7321,71.12255156,cloudy
8/31/2015,11743,76.47677765,cloudy
9/1/2015,12189,81.87179424,cloudy
9/2/2015,11742,82.29771759,cloudy
9/3/2015,11290,81.4714349,cloudy
9/4/2015,11127,76.24836883,cloudy
9/5/2015,6667,79.49031048,cloudy
9/6/2015,6362,86.05636592,cloudy
9/7/2015,6408,83.78595506,cloudy
9/8/2015,8417,74.33163835,cloudy
9/9/2015,12087,70.41778771,cloudy
9/10/2015,10799,64.65590332,cloudy
9/11/2015,7952,61.08998994,cloudy
9/12/2015,5935,59.94695872,cloudy
9/13/2015,7454,65.2985377,cloudy
9/14/2015,11299,73.03472874,cloudy
9/15/2015,12264,74.02063764,cloudy
9/16/2015,12398,74.53858687,clear
9/17/2015,10171,74.87163504,cloudy
9/18/2015,7974,71.73844996,cloudy
9/19/2015,8040,65.02085821,cloudy
9/20/2015,7830,66.19234994,cloudy
9/21/2015,11666,64.92958169,clear
9/22/2015,12520,70.0843131,cloudy
9/23/2015,12338,70.36443508,cloudy
9/24/2015,11745,67.98676884,cloudy
9/25/2015,11323,67.02713062,cloudy
9/26/2015,8313,70.63394683,cloudy
9/27/2015,7142,69.18590031,cloudy
9/28/2015,11592,72.35760007,cloudy
9/29/2015,9217,59.07672779,cloudy
9/30/2015,10965,56.94172367,cloudy
10/1/2015,10081,55.92482889,cloudy
10/2/2015,8901,56.38274351,cloudy
10/3/2015,4261,51.1730345,cloudy
10/4/2015,4629,55.06135234,cloudy
10/5/2015,9641,57.63196764,cloudy
10/6/2015,10793,62.19230983,cloudy
10/7/2015,11255,62.13255442,cloudy
10/8/2015,10749,68.01461531,cloudy
10/9/2015,9663,56.03355066,cloudy
10/10/2015,6808,59.25002938,cloudy
10/11/2015,7285,70.55551132,cloudy
10/12/2015,10007,66.84187069,cloudy
10/13/2015,10104,55.74672407,cloudy
10/14/2015,10286,54.40094303,clear
10/15/2015,9986,57.38611055,cloudy
10/16/2015,8884,48.40548176,cloudy
10/17/2015,5083,46.10261657,cloudy
10/18/2015,5150,52.28015534,clear
10/19/2015,9539,63.81718209,cloudy
10/20/2015,10394,65.12443718,cloudy
10/21/2015,10983,67.1979878,cloudy
10/22/2015,9983,55.77881398,cloudy
10/23/2015,8296,57.55512295,cloudy
10/24/2015,4296,59.5056797,cloudy
10/25/2015,5594,55.18734358,cloudy
10/26/2015,9372,52.36113956,cloudy
10/27/2015,6840,53.53340643,cloudy
10/28/2015,6082,51.176488,rain or snow
10/29/2015,7174,43.10217452,cloudy
10/30/2015,8344,48.25548897,cloudy
10/31/2015,1858,48.23218515,rain or snow
11/1/2015,5566,58.44942508,cloudy
11/2/2015,9953,62.55347132,cloudy
11/3/2015,10741,58.71648822,clear
11/4/2015,10308,61.69914629,cloudy
11/5/2015,9630,65.664081,cloudy
11/6/2015,7681,47.97479495,cloudy
11/7/2015,4805,47.10961498,cloudy
11/8/2015,4408,46.29423775,clear
11/9/2015,7731,45.79513646,clear
11/10/2015,8335,46.81262148,cloudy
11/11/2015,7596,56.00627962,cloudy
11/12/2015,5637,44.75116197,cloudy
11/13/2015,6249,40.30545687,cloudy
11/14/2015,4311,50.12287172,cloudy
11/15/2015,5047,57.46576184,cloudy
11/16/2015,7327,49.73111778,cloudy
11/17/2015,5695,55.32772608,cloudy
11/18/2015,6651,55.79554954,cloudy
11/19/2015,6118,39.52656097,cloudy
11/20/2015,5613,36.30856939,cloudy
11/21/2015,750,29.464,rain or snow
11/22/2015,1003,22.72442672,cloudy
11/23/2015,4112,31.43786479,cloudy
11/24/2015,5170,35.05926499,cloudy
11/25/2015,4838,44.73701943,cloudy
11/26/2015,970,55.17597938,cloudy
11/27/2015,968,36.02066116,cloudy
11/28/2015,1772,35.21896163,cloudy
11/29/2015,2129,37.52400188,cloudy
11/30/2015,4790,41.57154489,cloudy
12/1/2015,6135,39.82964955,cloudy
12/2/2015,4416,32.64100996,cloudy
12/3/2015,4761,34.07950011,cloudy
12/4/2015,1266,37.1985782,cloudy
12/5/2015,2174,37.71099356,cloudy
12/6/2015,3242,41.08359038,cloudy
12/7/2015,5688,34.75750703,cloudy
12/8/2015,6428,42.66250778,cloudy
12/9/2015,7042,45.45065322,cloudy
12/10/2015,6821,50.10008796,cloudy
12/11/2015,6761,46.42825026,cloudy
12/12/2015,3783,50.8506212,cloudy
12/13/2015,1961,58.92024477,cloudy
12/14/2015,4708,48.53198811,cloudy
12/15/2015,5913,39.83181126,cloudy
12/16/2015,5210,42.74710173,cloudy
12/17/2015,4845,30.32441692,cloudy
12/18/2015,4401,28.37230175,cloudy
12/19/2015,1927,25.3548521,cloudy
12/20/2015,2292,45.74184119,cloudy
12/21/2015,3492,47.32574456,cloudy
12/22/2015,4618,36.71509311,cloudy
12/23/2015,3354,53.71016696,cloudy
12/24/2015,1862,38.51385607,cloudy
12/25/2015,621,38.52286634,cloudy
12/26/2015,746,41.13699732,rain or snow
12/27/2015,958,36.45271399,cloudy
12/28/2015,601,32.77520799,rain or snow
12/29/2015,2009,31.0296665,cloudy
12/30/2015,1866,27.53311897,cloudy
12/31/2015,1746,25.1010882,cloudy
1/1/2016,830,26.09289157,cloudy
1/2/2016,1282,28.64313573,clear
1/3/2016,1269,27.81686367,cloudy
1/4/2016,3560,27.76176966,cloudy
1/5/2016,4049,26.63153865,cloudy
1/6/2016,4450,31.4167191,cloudy
1/7/2016,4860,37.75940329,cloudy
1/8/2016,3306,39.32782819,rain or snow
1/9/2016,1632,34.54626225,rain or snow
1/10/2016,940,10.97457447,cloudy
1/11/2016,2132,10.00009381,cloudy
1/12/2016,1908,7.482809224,cloudy
1/13/2016,2402,14.30462115,cloudy
1/14/2016,4377,38.48793694,cloudy
1/15/2016,4061,36.00458015,cloudy
1/16/2016,1997,25.28087131,cloudy
1/17/2016,687,2.664919942,cloudy
1/18/2016,1191,2.81015953,cloudy
1/19/2016,2574,11.41697747,cloudy
1/20/2016,2875,17.94424348,cloudy
1/21/2016,3753,22.11270983,cloudy
1/22/2016,3422,26.87530684,rain or snow
1/23/2016,2064,29.46889535,cloudy
1/24/2016,1771,29.74116318,cloudy
1/25/2016,3925,33.89452229,cloudy
1/26/2016,4156,28.82807988,cloudy
1/27/2016,4384,30.25451642,cloudy
1/28/2016,4516,34.34278122,cloudy
1/29/2016,4441,29.04559784,cloudy
1/30/2016,3222,42.36030416,cloudy
1/31/2016,1883,42.48810409,cloudy
2/1/2016,5124,36.2263466,cloudy
2/2/2016,3001,35.93572143,cloudy
2/3/2016,4478,33.47934346,cloudy
2/4/2016,4426,26.31857207,cloudy
2/5/2016,4245,29.7578563,cloudy
2/6/2016,2702,35.54685418,cloudy
2/7/2016,2574,40.20757576,cloudy
2/8/2016,3992,27.70959419,rain or snow
2/9/2016,2997,16.3696363,rain or snow
2/10/2016,3013,13.19731165,cloudy
2/11/2016,3195,15.47026604,cloudy
2/12/2016,3074,18.45988939,cloudy
2/13/2016,1133,12.28217123,cloudy
2/14/2016,550,16.28636364,rain or snow
2/15/2016,2025,24.98212346,cloudy
2/16/2016,3453,28.92033015,cloudy
2/17/2016,4248,26.81106403,cloudy
2/18/2016,4479,35.48595669,cloudy
2/19/2016,5251,51.72690916,cloudy
2/20/2016,5010,51.71259481,cloudy
2/21/2016,2337,37.83863928,cloudy
2/22/2016,5114,37.32254595,cloudy
2/23/2016,5195,37.26267565,cloudy
2/24/2016,2875,34.11186087,cloudy
2/25/2016,4077,33.19146431,cloudy
2/26/2016,3980,31.25731156,cloudy
2/27/2016,4152,48.85168593,cloudy
2/28/2016,3793,57.11977327,cloudy
2/29/2016,4675,37.92303743,cloudy
3/1/2016,2684,24.90812221,cloudy
3/2/2016,3779,25.61415718,cloudy
3/3/2016,3377,30.66428783,cloudy
3/4/2016,4255,33.15541716,cloudy
3/5/2016,2391,36.5560435,cloudy
3/6/2016,3179,46.69531299,cloudy
3/7/2016,6690,56.11484305,cloudy
3/8/2016,8428,64.73088514,cloudy
3/9/2016,7432,59.02321044,cloudy
3/10/2016,6488,45.69183107,cloudy
3/11/2016,6671,44.53960426,cloudy
3/12/2016,4045,51.66291718,cloudy
3/13/2016,849,45.12685512,rain or snow
3/14/2016,6284,49.61465627,cloudy
3/15/2016,6812,53.47467704,cloudy
3/16/2016,5695,51.04042142,cloudy
3/17/2016,6867,48.95160915,cloudy
3/18/2016,5945,39.30319596,cloudy
3/19/2016,3392,40.73847288,cloudy
3/20/2016,3070,40.28267101,cloudy
3/21/2016,5975,41.8365523,cloudy
3/22/2016,7592,54.76796628,cloudy
3/23/2016,4595,39.11025027,cloudy
3/24/2016,2067,35.09293662,rain or snow
3/25/2016,4891,38.65804539,cloudy
3/26/2016,3844,47.86625911,cloudy
3/27/2016,2864,53.95593575,cloudy
3/28/2016,6368,46.03396671,cloudy
3/29/2016,7720,49.35404145,cloudy
3/30/2016,5977,52.84532374,cloudy
3/31/2016,6196,57.48574887,cloudy
4/1/2016,5154,43.52124563,rain or snow
4/2/2016,2127,33.90888575,rain or snow
4/3/2016,4047,60.000766,cloudy
4/4/2016,4302,32.7158066,cloudy
4/5/2016,5723,38.89325529,cloudy
4/6/2016,3612,46.74681617,cloudy
4/7/2016,5117,38.29663866,cloudy
4/8/2016,4326,36.09086916,rain or snow
4/9/2016,2459,33.04766165,cloudy
4/10/2016,1755,43.45207977,cloudy
4/11/2016,7297,46.94922571,cloudy
4/12/2016,6900,40.49737681,clear
4/13/2016,7478,47.02666488,cloudy
4/14/2016,8005,52.98214866,cloudy
4/15/2016,8385,58.26360167,clear
4/16/2016,6764,68.82123004,cloudy
4/17/2016,7128,73.22407407,cloudy
4/18/2016,9656,71.83632974,cloudy
4/19/2016,7747,50.45558281,cloudy
4/20/2016,8001,63.26404199,cloudy
4/21/2016,8175,63.18369419,cloudy
4/22/2016,6081,47.19095543,cloudy
4/23/2016,5512,54.89519231,cloudy
4/24/2016,7214,69.86666205,cloudy
4/25/2016,10032,74.83511762,cloudy
4/26/2016,6647,43.84314728,cloudy
4/27/2016,5017,44.43358581,cloudy
4/28/2016,6750,44.8114963,cloudy
4/29/2016,6806,45.56545695,cloudy
4/30/2016,1436,46.0652507,rain or snow
5/1/2016,2826,46.31397735,cloudy
5/2/2016,8155,52.92129982,cloudy
5/3/2016,9775,59.95253197,cloudy
5/4/2016,7388,47.70848674,cloudy
5/5/2016,8599,54.05726247,cloudy
5/6/2016,10545,71.84741584,cloudy
5/7/2016,4951,58.57751969,cloudy
5/8/2016,6055,63.45654831,cloudy
5/9/2016,6173,55.27048437,cloudy
5/10/2016,5462,58.35496155,cloudy
5/11/2016,8996,60.4033237,cloudy
5/12/2016,9161,63.95591093,cloudy
5/13/2016,8510,59.52150411,cloudy
5/14/2016,3970,44.74377834,cloudy
5/15/2016,4903,50.57693249,cloudy
5/16/2016,9959,62.22876795,cloudy
5/17/2016,7940,52.22254408,cloudy
5/18/2016,9957,56.4114894,cloudy
5/19/2016,10910,62.06117324,cloudy
5/20/2016,9781,62.12484409,cloudy
5/21/2016,8146,69.62673705,cloudy
5/22/2016,8547,72.35959986,cloudy
5/23/2016,11622,73.78535536,cloudy
5/24/2016,12634,78.83013297,cloudy
5/25/2016,9144,77.1906168,cloudy
5/26/2016,11954,77.12482851,cloudy
5/27/2016,9298,74.4905356,cloudy
5/28/2016,7039,75.9309419,cloudy
5/29/2016,7350,74.89191837,cloudy
5/30/2016,8197,80.70722215,cloudy
5/31/2016,8171,73.37520499,cloudy
6/1/2016,9200,73.93197826,cloudy
6/2/2016,13129,73.21332165,cloudy
6/3/2016,12888,76.01505276,cloudy
6/4/2016,7204,67.81614381,cloudy
6/5/2016,9337,73.6874585,cloudy
6/6/2016,12767,74.25160962,cloudy
6/7/2016,12441,61.98964713,cloudy
6/8/2016,12661,63.13297528,cloudy
6/9/2016,10279,66.40670299,cloudy
6/10/2016,12484,83.47561679,cloudy
6/11/2016,8817,86.18363389,cloudy
6/12/2016,8231,66.80458025,cloudy
6/13/2016,12658,75.51757782,cloudy
6/14/2016,12739,78.4393045,cloudy
6/15/2016,13149,83.51235835,cloudy
6/16/2016,12248,68.99014533,cloudy
6/17/2016,13333,77.2441836,cloudy
6/18/2016,10133,81.52890556,cloudy
6/19/2016,8226,84.41198638,cloudy
6/20/2016,12149,85.47803111,cloudy
6/21/2016,14067,77.56272126,cloudy
6/22/2016,9852,71.91721478,cloudy
6/23/2016,12616,69.86445783,cloudy
6/24/2016,12974,76.53200247,cloudy
6/25/2016,9960,83.70241968,cloudy
6/26/2016,7776,83.16432613,cloudy
6/27/2016,12700,81.27956693,cloudy
6/28/2016,13370,66.52135378,cloudy
6/29/2016,13997,71.46454955,cloudy
6/30/2016,13088,73.68242665,cloudy
7/1/2016,12171,67.6418618,cloudy
7/2/2016,7837,70.69094041,cloudy
7/3/2016,6944,73.17476959,cloudy
7/4/2016,7468,74.11032405,cloudy
7/5/2016,12589,80.5,cloudy
7/6/2016,10449,80.99772227,cloudy
7/7/2016,11022,77.03545636,cloudy
7/8/2016,12888,79.75360025,cloudy
7/9/2016,10729,74.68198341,cloudy
7/10/2016,9494,78.23672846,cloudy
7/11/2016,12851,83.33045677,cloudy
7/12/2016,13352,81.14281007,cloudy
7/13/2016,10736,79.02846498,cloudy
7/14/2016,13555,80.00491332,cloudy
7/15/2016,12015,67.69958385,cloudy
7/16/2016,10586,72.48693558,cloudy
7/17/2016,7815,78.51799104,cloudy
7/18/2016,13241,81.01115475,cloudy
7/19/2016,13988,81.12495711,cloudy
7/20/2016,13463,82.00441209,cloudy
7/21/2016,11234,85.04849564,cloudy
7/22/2016,11809,83.26114828,cloudy
7/23/2016,6748,85.85004446,cloudy
7/24/2016,6331,85.46921497,cloudy
7/25/2016,12840,81.7717757,cloudy
7/26/2016,13848,81.80178365,cloudy
7/27/2016,13728,82.32068765,cloudy
7/28/2016,11230,76.13789849,cloudy
7/29/2016,11041,74.38703922,cloudy
7/30/2016,8991,72.92703815,cloudy
7/31/2016,9523,76.51499527,cloudy
8/1/2016,13242,77.69975079,cloudy
8/2/2016,13430,80.6272971,cloudy
8/3/2016,13543,82.79381969,cloudy
8/4/2016,12525,84.43228743,cloudy
8/5/2016,12131,78.97778419,cloudy
8/6/2016,9588,78.40025031,cloudy
8/7/2016,8417,79.11109659,cloudy
8/8/2016,12773,79.47503327,cloudy
8/9/2016,13581,81.422907,cloudy
8/10/2016,13082,83.26679407,cloudy
8/11/2016,12441,84.05948075,cloudy
8/12/2016,7699,78.33508248,rain or snow
8/13/2016,8643,80.02179799,cloudy
8/14/2016,8467,81.09153183,cloudy
8/15/2016,9040,74.72568584,cloudy
8/16/2016,13035,78.9025163,cloudy
8/17/2016,12403,78.74841571,cloudy
8/18/2016,10644,79.94426907,cloudy
8/19/2016,11499,77.84259501,cloudy
8/20/2016,6695,73.59837192,cloudy
8/21/2016,8832,69.6553442,cloudy
8/22/2016,13261,71.82904004,cloudy
8/23/2016,13566,74.66848739,cloudy
8/24/2016,10738,78.12142857,cloudy
8/25/2016,12275,76.11476171,cloudy
8/26/2016,12761,74.12321135,cloudy
8/27/2016,7076,78.33403053,cloudy
8/28/2016,8542,78.3332709,cloudy
8/29/2016,11642,76.84628071,cloudy
8/30/2016,10009,76.91485663,cloudy
8/31/2016,13506,71.63654672,cloudy
9/1/2016,12461,68.06001926,cloudy
9/2/2016,12093,70.3322666,cloudy
9/3/2016,7443,71.51976354,cloudy
9/4/2016,6999,74.30940134,cloudy
9/5/2016,7343,82.42948386,cloudy
9/6/2016,12035,85.414516,cloudy
9/7/2016,11717,83.26350602,cloudy
9/8/2016,11587,76.94885648,cloudy
9/9/2016,11192,74.26212473,cloudy
9/10/2016,7573,68.56389806,cloudy
9/11/2016,8620,69.77295824,cloudy
9/12/2016,12896,71.3106312,cloudy
9/13/2016,13142,75.33978846,cloudy
9/14/2016,13265,69.33347154,cloudy
9/15/2016,13321,70.96316343,cloudy
9/16/2016,12284,76.22213448,cloudy
9/17/2016,8618,75.39929218,cloudy
9/18/2016,8702,73.61981154,cloudy
9/19/2016,12922,77.97299954,cloudy
9/20/2016,13317,75.45914245,cloudy
9/21/2016,9791,70.66177101,cloudy
9/22/2016,12959,75.04227178,cloudy
9/23/2016,12110,70.30977704,cloudy
9/24/2016,8464,69.71214556,cloudy
9/25/2016,8184,77.90755132,cloudy
9/26/2016,11929,64.05418727,cloudy
9/27/2016,12265,62.15342845,cloudy
9/28/2016,7270,55.5635901,cloudy
9/29/2016,9691,62.81388918,cloudy
9/30/2016,8810,62.24640182,cloudy
10/1/2016,4421,60.62764081,rain or snow
10/2/2016,5751,61.26271953,cloudy
10/3/2016,11079,63.20463038,cloudy
10/4/2016,12425,67.59867203,cloudy
10/5/2016,12782,72.26092161,cloudy
10/6/2016,5973,68.27882136,cloudy
10/7/2016,11827,60.66310983,cloudy
10/8/2016,7318,58.12875102,clear
10/9/2016,6982,58.48404469,cloudy
10/10/2016,10508,61.22869242,cloudy
10/11/2016,12031,64.98052531,cloudy
10/12/2016,7077,59.3901088,cloudy
10/13/2016,10463,49.29827965,cloudy
10/14/2016,10712,56.37715646,cloudy
10/15/2016,7238,64.32808787,cloudy
10/16/2016,6124,69.81512084,cloudy
10/17/2016,11505,76.25169057,cloudy
10/18/2016,12420,69.55831723,cloudy
10/19/2016,11398,62.00669416,cloudy
10/20/2016,9952,52.60240153,cloudy
10/21/2016,8451,48.12424565,cloudy
10/22/2016,6282,53.37847819,cloudy
10/23/2016,6244,64.78859705,cloudy
10/24/2016,10028,50.16019146,cloudy
10/25/2016,9935,49.1480926,cloudy
10/26/2016,4744,47.41405987,cloudy
10/27/2016,9016,46.26694765,cloudy
10/28/2016,10265,56.77791525,cloudy
10/29/2016,7379,65.95983196,cloudy
10/30/2016,5158,52.04532765,cloudy
10/31/2016,9644,52.33120075,cloudy
11/1/2016,11814,68.93812426,cloudy
11/2/2016,7700,59.91562338,cloudy
11/3/2016,10358,56.06846882,cloudy
11/4/2016,10753,54.61700921,clear
11/5/2016,7140,61.35120448,cloudy
11/6/2016,6987,62.51123515,clear
11/7/2016,10507,56.21782621,cloudy
11/8/2016,9392,55.08127129,cloudy
11/9/2016,9238,49.21342282,cloudy
11/10/2016,9404,55.05621012,clear
11/11/2016,7317,46.20944376,cloudy
11/12/2016,4924,46.83744923,cloudy
11/13/2016,4488,51.19509804,cloudy
11/14/2016,8921,51.08235624,clear
11/15/2016,9035,46.87899281,cloudy
11/16/2016,9312,50.01499141,cloudy
11/17/2016,10041,63.20921223,cloudy
11/18/2016,7002,55.71912311,cloudy
11/19/2016,2840,35.15799296,cloudy
11/20/2016,2518,30.5550834,cloudy
11/21/2016,6394,32.78841101,cloudy
11/22/2016,6314,36.91982895,cloudy
11/23/2016,3408,41.87420775,rain or snow
11/24/2016,1204,38.32416944,cloudy
11/25/2016,2249,38.75091152,cloudy
11/26/2016,2522,41.84425059,cloudy
11/27/2016,2608,39.34206288,cloudy
11/28/2016,4190,46.84778043,cloudy
11/29/2016,8137,49.82954406,cloudy
11/30/2016,6783,36.84897538,cloudy
12/1/2016,6530,38.19981623,cloudy
12/2/2016,6401,37.2211217,cloudy
12/3/2016,3155,32.23486529,cloudy
12/4/2016,1202,31.84567388,rain or snow
12/5/2016,4997,32.05505303,cloudy
12/6/2016,6048,31.98587963,cloudy
12/7/2016,5191,24.38786361,cloudy
12/8/2016,4237,20.4984659,rain or snow
12/9/2016,4375,22.45069714,cloudy
12/10/2016,1659,22.06190476,cloudy
12/11/2016,654,29.70657492,rain or snow
12/12/2016,2869,17.36486581,cloudy
12/13/2016,3025,11.948,cloudy
12/14/2016,2649,11.87432994,cloudy
12/15/2016,2089,3.482288176,cloudy
12/16/2016,2397,16.51768878,cloudy
12/17/2016,920,20.49673913,cloudy
12/18/2016,489,3.165848671,cloudy
12/19/2016,1687,8.307350326,clear
12/20/2016,2917,24.36438121,cloudy
12/21/2016,3526,30.25802609,cloudy
12/22/2016,3614,32.11117875,cloudy
12/23/2016,2160,33.73486111,cloudy
12/24/2016,933,35.65476956,cloudy
12/25/2016,336,33.62589286,cloudy
12/26/2016,1437,45.76938065,cloudy
12/27/2016,2521,26.28671162,cloudy
12/28/2016,3167,36.98497,cloudy
12/29/2016,2858,32.45608817,cloudy
12/30/2016,2651,29.36514523,cloudy
12/31/2016,1669,33.9405033,cloudy
1/1/2017,1365,33.02989011,cloudy
1/2/2017,1772,38.04311512,cloudy
1/3/2017,4431,36.14662604,cloudy
1/4/2017,3187,12.7742391,cloudy
1/5/2017,2833,8.864948818,cloudy
1/6/2017,2451,3.965238678,cloudy
1/7/2017,1265,12.67114625,cloudy
1/8/2017,1129,14.09309123,cloudy
1/9/2017,3714,25.41001616,cloudy
1/10/2017,3236,38.12642151,cloudy
1/11/2017,3731,35.10573573,cloudy
1/12/2017,3003,23.14345654,cloudy
1/13/2017,3547,20.58065971,cloudy
1/14/2017,1947,30.27899332,cloudy
1/15/2017,1978,30.87178969,cloudy
1/16/2017,1360,34.63441176,rain or snow
1/17/2017,4568,36.40030648,cloudy
1/18/2017,5193,34.57411901,cloudy
1/19/2017,4283,37.31144058,cloudy
1/20/2017,4385,40.34713797,cloudy
1/21/2017,5436,53.75553716,cloudy
1/22/2017,2549,43.11938015,cloudy
1/23/2017,5510,39.30288566,cloudy
1/24/2017,5581,35.47125963,cloudy
1/25/2017,4973,37.83498894,rain or snow
1/26/2017,4597,31.87400479,rain or snow
1/27/2017,4261,26.24923727,cloudy
1/28/2017,2073,27.89908345,cloudy
1/29/2017,1513,26.09841375,rain or snow
1/30/2017,4347,25.60943179,cloudy
1/31/2017,4953,37.02709469,cloudy
2/1/2017,5229,32.13599159,cloudy
2/2/2017,4139,18.74109688,cloudy
2/3/2017,3909,21.66658992,clear
2/4/2017,1956,28.93415133,cloudy
2/5/2017,2451,33.90828233,cloudy
2/6/2017,5786,42.47063602,cloudy
2/7/2017,4593,41.91382539,cloudy
2/8/2017,4878,26.34200492,cloudy
2/9/2017,4021,18.99094753,cloudy
2/10/2017,4577,34.44996723,cloudy
2/11/2017,3236,43.1999382,cloudy
2/12/2017,2640,41.78045455,cloudy
2/13/2017,5814,37.18818369,cloudy
2/14/2017,6326,41.98601012,cloudy
2/15/2017,5344,31.25746632,cloudy
2/16/2017,5403,36.34390154,cloudy
2/17/2017,7597,56.38692905,cloudy
2/18/2017,6694,62.75962056,cloudy
2/19/2017,5493,60.6237393,cloudy
2/20/2017,7201,61.92891265,cloudy
2/21/2017,7558,59.83126488,cloudy
2/22/2017,8942,61.12110266,clear
2/23/2017,5577,45.0363995,cloudy
2/24/2017,4841,38.98080975,cloudy
2/25/2017,1772,25.81597065,rain or snow
2/26/2017,2702,43.47864545,cloudy
2/27/2017,6785,45.25859985,cloudy
2/28/2017,5547,55.66253831,cloudy
3/1/2017,4328,38.45318854,rain or snow
3/2/2017,5085,31.25565388,cloudy
3/3/2017,4878,28.27103321,cloudy
3/4/2017,2689,37.6490145,cloudy
3/5/2017,3477,54.33353466,cloudy
3/6/2017,6664,57.93664466,cloudy
3/7/2017,7209,48.04495769,cloudy
3/8/2017,6171,46.68066764,cloudy
3/9/2017,5866,37.44563587,cloudy
3/10/2017,4904,27.99104812,cloudy
3/11/2017,2098,26.52001907,cloudy
3/12/2017,1977,31.06312595,cloudy
3/13/2017,2491,29.77579285,rain or snow
3/14/2017,1712,23.77856308,cloudy
3/15/2017,3510,27.40592593,clear
3/16/2017,4737,34.52653578,cloudy
3/17/2017,4632,42.5117228,not clear
3/18/2017,2956,41.54864682,cloudy
3/19/2017,3214,47.49116366,cloudy
3/20/2017,5853,46.62173244,cloudy
3/21/2017,6417,43.53858501,cloudy
3/22/2017,5321,32.42646119,cloudy
3/23/2017,5824,43.92166896,cloudy
3/24/2017,7795,65.94980115,cloudy
3/25/2017,1479,43.41926978,rain or snow
3/26/2017,2706,58.15835181,cloudy
3/27/2017,5456,46.87470674,cloudy
3/28/2017,6273,43.66999841,cloudy
3/29/2017,5538,43.03591549,cloudy
3/30/2017,3100,42.84390323,cloudy
3/31/2017,4817,40.00643554,cloudy
4/1/2017,4769,52.80643741,cloudy
4/2/2017,4023,54.95995526,cloudy
4/3/2017,4654,49.57554792,cloudy
4/4/2017,7007,50.35894106,cloudy
4/5/2017,1744,42.58864679,rain or snow
4/6/2017,6053,45.17632579,cloudy
4/7/2017,6916,47.68703008,cloudy
4/8/2017,6642,61.78121048,cloudy
4/9/2017,6722,71.87917287,cloudy
4/10/2017,5678,62.34439944,cloudy
4/11/2017,7643,50.0335732,cloudy
4/12/2017,8242,47.65947586,cloudy
4/13/2017,5698,53.76640927,cloudy
4/14/2017,7341,59.60446806,cloudy
4/15/2017,7696,77.95480769,cloudy
4/16/2017,4900,68.03930612,cloudy
4/17/2017,9208,57.02962641,cloudy
4/18/2017,10929,67.95066337,cloudy
4/19/2017,8060,57.22459057,cloudy
4/20/2017,9728,60.09747122,cloudy
4/21/2017,8031,49.01704645,cloudy
4/22/2017,5684,54.77848346,cloudy
4/23/2017,7123,65.60332725,cloudy
4/24/2017,10120,62.5158498,cloudy
4/25/2017,11946,71.56216307,cloudy
4/26/2017,10488,68.86468345,cloudy
4/27/2017,6717,46.84519875,cloudy
4/28/2017,8169,52.62081038,cloudy
4/29/2017,1643,44.12525867,cloudy
4/30/2017,1527,44.63516699,rain or snow
5/1/2017,6092,52.4632633,cloudy
5/2/2017,6780,46.48995575,cloudy
5/3/2017,9194,51.26432456,cloudy
5/4/2017,8134,49.55856897,cloudy
5/5/2017,7708,53.07231448,cloudy
5/6/2017,4993,53.66659323,cloudy
5/7/2017,4762,52.03887022,cloudy
5/8/2017,8579,49.23028325,cloudy
5/9/2017,7607,53.5550677,cloudy
5/10/2017,7195,57.33002085,cloudy
5/11/2017,10249,58.64561421,cloudy
5/12/2017,10662,62.47382292,cloudy
5/13/2017,7807,72.92153196,cloudy
5/14/2017,5990,62.36502504,cloudy
5/15/2017,11627,73.40116969,cloudy
5/16/2017,12974,80.13083089,cloudy
5/17/2017,12155,79.19540107,cloudy
5/18/2017,11856,72.02532051,cloudy
5/19/2017,5450,44.91561468,cloudy
5/20/2017,3702,58.02439222,cloudy
5/21/2017,6264,58.42972542,cloudy
5/22/2017,11313,64.33184832,cloudy
5/23/2017,6512,59.4230344,rain or snow
5/24/2017,8537,58.54014291,cloudy
5/25/2017,10547,61.66861667,cloudy
5/26/2017,7133,64.11629048,cloudy
5/27/2017,7554,70.01371459,cloudy
5/28/2017,6002,72.36489503,cloudy
5/29/2017,8091,72.3458287,cloudy
5/30/2017,12011,67.02010657,cloudy
5/31/2017,13237,67.61885624,cloudy
6/1/2017,13440,70.71475446,cloudy
6/2/2017,13701,77.69513904,cloudy
6/3/2017,10137,80.23336293,cloudy
6/4/2017,9236,84.76431356,cloudy
6/5/2017,12699,67.95077565,clear
6/6/2017,13888,68.50661722,cloudy
6/7/2017,14028,70.71427859,cloudy
6/8/2017,13745,75.00734813,cloudy
6/9/2017,13500,76.04377778,cloudy
6/10/2017,10073,84.04487243,cloudy
6/11/2017,9279,86.9263606,cloudy
6/12/2017,12794,87.86957949,cloudy
6/13/2017,13808,78.03739861,cloudy
6/14/2017,9773,79.93378696,cloudy
6/15/2017,14210,82.22007741,cloudy
6/16/2017,12370,79.36714632,cloudy
6/17/2017,8262,79.49573953,cloudy
6/18/2017,8576,75.37742537,cloudy
6/19/2017,12782,68.99730089,cloudy
6/20/2017,14417,68.68048138,cloudy
6/21/2017,15240,73.31125984,cloudy
6/22/2017,13968,82.9032646,cloudy
6/23/2017,12320,76.79900162,cloudy
6/24/2017,10458,70.75485753,cloudy
6/25/2017,9164,67.45194238,cloudy
6/26/2017,13702,66.79908043,cloudy
6/27/2017,15259,70.99787666,cloudy
6/28/2017,12231,73.09256806,cloudy
6/29/2017,12655,75.90225998,cloudy
6/30/2017,13126,77.41613591,cloudy
7/1/2017,9399,77.87837004,cloudy
7/2/2017,8129,80.86576455,cloudy
7/3/2017,10294,73.7064795,cloudy
7/4/2017,9168,77.52385471,cloudy
7/5/2017,14154,80.89220008,cloudy
7/6/2017,14833,86.05793164,cloudy
7/7/2017,13244,78.40185744,cloudy
7/8/2017,11678,73.87073129,cloudy
7/9/2017,10344,81.28197022,cloudy
7/10/2017,10303,74.83006891,cloudy
7/11/2017,14433,79.07708723,cloudy
7/12/2017,11464,77.11123517,cloudy
7/13/2017,14627,78.76390237,cloudy
7/14/2017,14192,68.58278608,cloudy
7/15/2017,10908,75.81752842,cloudy
7/16/2017,9284,69.63935804,cloudy
7/17/2017,14824,72.47111441,cloudy
7/18/2017,15675,81.28590112,cloudy
7/19/2017,14795,81.33459277,cloudy
7/20/2017,10282,80.80628282,cloudy
7/21/2017,11278,82.02198971,cloudy
7/22/2017,9407,81.18835973,cloudy
7/23/2017,9310,81.26438238,cloudy
7/24/2017,14538,70.38972348,cloudy
7/25/2017,15737,75.3284743,cloudy
7/26/2017,15011,79.10943308,cloudy
7/27/2017,14929,77.25270279,cloudy
7/28/2017,14496,75.28356098,cloudy
7/29/2017,10562,74.90937322,cloudy
7/30/2017,9848,79.34479082,cloudy
7/31/2017,14814,79.32588767,cloudy
8/1/2017,15070,79.11554745,cloudy
8/2/2017,15223,78.33542666,cloudy
8/3/2017,13677,75.93494187,cloudy
8/4/2017,12450,62.19211245,cloudy
8/5/2017,10255,74.35444174,cloudy
8/6/2017,8664,73.10420129,cloudy
8/7/2017,14324,71.32127199,cloudy
8/8/2017,15702,76.33230799,cloudy
8/9/2017,15551,76.39057295,cloudy
8/10/2017,14280,76.66822129,cloudy
8/11/2017,14097,73.07798113,cloudy
8/12/2017,10349,70.69240506,cloudy
8/13/2017,9494,74.23625448,cloudy
8/14/2017,14641,76.79348405,cloudy
8/15/2017,16095,74.89714197,cloudy
8/16/2017,12690,78.51096927,cloudy
8/17/2017,12902,78.41185088,cloudy
8/18/2017,14399,76.19617335,cloudy
8/19/2017,10378,78.38832145,cloudy
8/20/2017,9045,82.40583748,cloudy
8/21/2017,14031,79.83693963,cloudy
8/22/2017,14673,75.01515709,cloudy
8/23/2017,15590,71.57389994,cloudy
8/24/2017,13914,66.99720425,cloudy
8/25/2017,14314,67.73238089,cloudy
8/26/2017,9603,72.08925336,cloudy
8/27/2017,8178,71.67503057,cloudy
8/28/2017,13193,69.30006064,cloudy
8/29/2017,14165,69.88048712,cloudy
8/30/2017,15527,74.82428673,cloudy
8/31/2017,14490,67.84866805,cloudy
9/1/2017,12542,64.52008452,cloudy
9/2/2017,7117,68.26755655,cloudy
9/3/2017,8016,77.18878493,cloudy
9/4/2017,7263,74.86787829,cloudy
9/5/2017,13331,61.38324957,cloudy
9/6/2017,13154,59.33935685,cloudy
9/7/2017,13861,63.55232667,cloudy
9/8/2017,12955,62.98531069,cloudy
9/9/2017,9614,66.77656543,cloudy
9/10/2017,8782,65.88870417,clear
9/11/2017,14028,65.7894069,cloudy
9/12/2017,15145,67.82807527,cloudy
9/13/2017,12704,68.97985674,cloudy
9/14/2017,14585,72.1385396,cloudy
9/15/2017,14175,78.99729806,cloudy
9/16/2017,10230,81.78671554,cloudy
9/17/2017,8928,78.64662858,cloudy
9/18/2017,14203,68.71401112,cloudy
9/19/2017,13407,71.92369658,cloudy
9/20/2017,14686,82.81122157,cloudy
9/21/2017,13914,85.63896795,cloudy
9/22/2017,13857,86.21055784,cloudy
9/23/2017,9582,87.28296807,cloudy
9/24/2017,8973,86.10318734,cloudy
9/25/2017,14366,82.54823194,cloudy
9/26/2017,15071,82.50957468,cloudy
9/27/2017,14362,66.01217797,cloudy
9/28/2017,14575,65.68919383,cloudy
9/29/2017,13551,63.4727105,cloudy
9/30/2017,8233,63.03041419,cloudy
10/1/2017,7838,66.0968742,cloudy
10/2/2017,13808,75.49447422,cloudy
10/3/2017,13288,74.1638245,cloudy
10/4/2017,13456,69.84296968,cloudy
10/5/2017,14201,67.23698331,cloudy
10/6/2017,9595,64.93068265,rain or snow
10/7/2017,6093,72.37057279,cloudy
10/8/2017,9227,70.68144576,cloudy
10/9/2017,13346,69.61266297,cloudy
10/10/2017,9256,61.47752809,cloudy
10/11/2017,7402,57.79717644,rain or snow
10/12/2017,12155,58.37498149,cloudy
10/13/2017,12923,65.29164281,cloudy
10/14/2017,1417,63.40465773,cloudy
10/15/2017,5201,53.73391655,cloudy
10/16/2017,12087,54.94898651,clear
10/17/2017,13465,61.95515782,cloudy
10/18/2017,13207,62.90229424,clear
10/19/2017,13292,60.19548601,cloudy
10/20/2017,13069,68.49606703,cloudy
10/21/2017,8513,71.55634911,cloudy
10/22/2017,4242,64.88182461,cloudy
10/23/2017,6066,52.70225849,cloudy
10/24/2017,3633,46.09292596,cloudy
10/25/2017,10581,46.15190436,cloudy
10/26/2017,10943,52.3058028,cloudy
10/27/2017,8131,39.55455664,cloudy
10/28/2017,4015,39.1656538,cloudy
10/29/2017,4468,43.11835273,cloudy
10/30/2017,8792,43.81842584,cloudy
10/31/2017,8170,37.10774786,cloudy
11/1/2017,6029,40.40059711,cloudy
11/2/2017,7406,48.64307318,cloudy
11/3/2017,8518,43.61636534,cloudy
11/4/2017,2353,46.90628984,rain or snow
11/5/2017,3813,50.18846053,cloudy
11/6/2017,8347,38.64172757,cloudy
11/7/2017,8736,39.37533196,cloudy
11/8/2017,8836,39.27470575,cloudy
11/9/2017,7856,36.91597505,cloudy
11/10/2017,4233,25.61174108,cloudy
11/11/2017,2675,33.76104673,cloudy
11/12/2017,1993,38.28936277,cloudy
11/13/2017,7944,36.16447633,cloudy
11/14/2017,8720,44.41731651,cloudy
11/15/2017,5839,45.65259462,cloudy
11/16/2017,7622,35.97587247,cloudy
11/17/2017,5650,39.99035398,cloudy
11/18/2017,1558,39.85308087,cloudy
11/19/2017,2865,32.735637,cloudy
11/20/2017,7215,45.53331947,cloudy
11/21/2017,6464,37.61389233,cloudy
11/22/2017,4835,30.14974147,cloudy
11/23/2017,1279,40.57685692,cloudy
11/24/2017,3046,56.07626395,cloudy
11/25/2017,2814,45.5,cloudy
11/26/2017,2814,44.50042644,cloudy
11/27/2017,8548,48.01264623,cloudy
11/28/2017,9380,55.08765458,cloudy
11/29/2017,8342,41.33771278,cloudy
11/30/2017,8661,46.4435631,cloudy
12/1/2017,8287,42.73513937,cloudy
12/2/2017,5233,48.18855341,cloudy
12/3/2017,4913,50.81715856,cloudy
12/4/2017,8646,60.75572519,cloudy
12/5/2017,5722,31.09886403,cloudy
12/6/2017,6142,30.97559427,cloudy
12/7/2017,5210,22.99616123,cloudy
12/8/2017,5070,29.99579882,cloudy
12/9/2017,1675,27.41438806,cloudy
12/10/2017,1982,30.65176589,cloudy
12/11/2017,5216,32.72494248,cloudy
12/12/2017,4446,19.04538911,cloudy
12/13/2017,5144,31.06769051,cloudy
12/14/2017,4950,21.63478788,cloudy
12/15/2017,4751,30.61018733,cloudy
12/16/2017,3269,40.41416335,cloudy
12/17/2017,2653,39.38017339,cloudy
12/18/2017,5864,42.26754775,cloudy
12/19/2017,6914,43.16345097,cloudy
12/20/2017,3926,31.31209883,cloudy
12/21/2017,5404,37.79370836,cloudy
12/22/2017,4356,37.01678145,cloudy
12/23/2017,1600,27.1585,cloudy
12/24/2017,386,20.66968912,rain or snow
12/25/2017,226,12.73849558,cloudy
12/26/2017,737,1.449389417,cloudy
12/27/2017,1117,2.458012534,cloudy
12/28/2017,1267,10.80276243,rain or snow
12/29/2017,1049,12.97893232,cloudy
12/30/2017,519,3.657032755,cloudy
12/31/2017,593,8.657166948,cloudy
